"","sample.ID","seq.ID","abundance"
"1","AU18_0457","C22",553
"2","AU18_0457","C22ad",878
"3","AU18_0457","C3",269
"4","AU18_0457","C22ah",27
"5","AU18_0457","37253_C",31
"6","AU18_0457","C21",8
"7","AU18_0457","1612485_C",11
"8","AU18_0457","1670426_C",10
"9","AU18_0457","1645877_C",11
"10","AU18_0359","C22",3463
"11","AU18_0359","C22ad",1345
"12","AU18_0359","C3",728
"13","AU18_0359","C22ah",235
"14","AU18_0359","1611788_C",127
"15","AU18_0359","1645568_C",113
"16","AU18_0359","1147954_C",82
"17","AU18_0359","1148411_C",87
"18","AU18_0359","37253_C",38
"19","AU18_0359","1630543_C",51
"20","AU18_1040","C22",3896
"21","AU18_1040","C22ad",1734
"22","AU18_1040","C3",769
"23","AU18_1040","C22ah",265
"24","AU18_1040","1611788_C",131
"25","AU18_1040","1645568_C",121
"26","AU18_1040","1147954_C",100
"27","AU18_1040","1148411_C",82
"28","AU18_1040","37253_C",41
"29","AU18_1040","1630543_C",49
"30","AU18_1040","1626916_C",40
"31","AU18_1040","1670084_C",31
"32","AU18_0482","C22",2290
"33","AU18_0482","C22ad",1302
"34","AU18_0482","C3",578
"35","AU18_0482","C22ah",159
"36","AU18_0482","1611788_C",88
"37","AU18_0482","1645568_C",89
"38","AU18_0482","1147954_C",44
"39","AU18_0482","1148411_C",42
"40","AU18_0482","1630543_C",42
"41","AU18_0482","1680592_C",42
"42","AU18_0482","2174376_C",20
"43","AU18_0482","1611789_C",38
"44","AU18_0388","C22",3865
"45","AU18_0388","C22ad",1522
"46","AU18_0388","C3",654
"47","AU18_0388","C22ah",262
"48","AU18_0388","1611788_C",123
"49","AU18_0388","1645568_C",124
"50","AU18_0388","1147954_C",99
"51","AU18_0388","1148411_C",115
"52","AU18_0388","37253_C",47
"53","AU18_0388","1630543_C",51
"54","AU18_0388","1612485_C",50
"55","AU18_0696","C22",1652
"56","AU18_0696","C22ad",584
"57","AU18_0696","C3",372
"58","AU18_0696","C22ah",120
"59","AU18_0696","1611788_C",60
"60","AU18_0696","1645568_C",35
"61","AU18_0696","1147954_C",51
"62","AU18_0696","C21",29
"63","AU18_0696","1630543_C",29
"64","AU18_0696","1626916_C",13
"65","AU18_0696","2174376_C",22
"66","AU18_0696","21025_C",13
"67","AU18_0696","1653201_C",19
"68","AU18_0100","C22",2896
"69","AU18_0100","C22ad",1686
"70","AU18_0100","C3",638
"71","AU18_0100","C22ah",214
"72","AU18_0100","1611788_C",96
"73","AU18_0100","1645568_C",96
"74","AU18_0100","1147954_C",75
"75","AU18_0100","1148411_C",82
"76","AU18_0100","37253_C",36
"77","AU18_0100","1630543_C",61
"78","AU18_0100","1622915_C",39
"79","AU18_0100","1670084_C",26
"80","AU18_0100","2786619_C",38
"81","AU18_0961","C22",2975
"82","AU18_0961","C22ad",1189
"83","AU18_0961","C3",716
"84","AU18_0961","C22ah",260
"85","AU18_0961","1611788_C",103
"86","AU18_0961","1147954_C",76
"87","AU18_0961","1148411_C",54
"88","AU18_0961","37253_C",36
"89","AU18_0961","1630543_C",38
"90","AU18_0961","1612485_C",56
"91","AU18_0961","1626916_C",25
"92","AU18_0961","2174376_C",24
"93","AU18_0961","1670084_C",24
"94","AU18_0961","1626350_C",50
"95","AU18_0961","1670160_C",38
"96","AU18_0458","C22",3099
"97","AU18_0458","C22ad",1381
"98","AU18_0458","C3",569
"99","AU18_0458","C22ah",216
"100","AU18_0458","1611788_C",104
"101","AU18_0458","1645568_C",102
"102","AU18_0458","1147954_C",72
"103","AU18_0458","1148411_C",82
"104","AU18_0458","37253_C",29
"105","AU18_0458","1630543_C",43
"106","AU18_0458","1670084_C",24
"107","AU18_0458","2885807_C",84
"108","AU18_0389","C22",3250
"109","AU18_0389","C22ad",1191
"110","AU18_0389","C3",724
"111","AU18_0389","C22ah",234
"112","AU18_0389","1611788_C",104
"113","AU18_0389","1645568_C",103
"114","AU18_0389","1147954_C",91
"115","AU18_0389","1148411_C",93
"116","AU18_0389","37253_C",43
"117","AU18_0389","C21",43
"118","AU18_0389","1630543_C",47
"119","AU18_0389","1626916_C",26
"120","AU18_0389","D1",4
"121","AU18_0456","C22",1774
"122","AU18_0456","C22ad",688
"123","AU18_0456","C3",501
"124","AU18_0456","C22ah",111
"125","AU18_0456","1611788_C",35
"126","AU18_0456","1645568_C",54
"127","AU18_0456","1147954_C",28
"128","AU18_0456","1148411_C",39
"129","AU18_0456","37253_C",38
"130","AU18_0456","C21",16
"131","AU18_0456","1630543_C",20
"132","AU18_0456","1612485_C",18
"133","AU18_0456","1645678_C",30
"134","AU18_0456","1670084_C",15
"135","AU18_0456","C3dw",13
"136","AU18_0456","1630513_C",17
"137","AU18_1081","C22",2881
"138","AU18_1081","C22ad",1098
"139","AU18_1081","C3",999
"140","AU18_1081","C22ah",203
"141","AU18_1081","1611788_C",83
"142","AU18_1081","1645568_C",86
"143","AU18_1081","1147954_C",66
"144","AU18_1081","1148411_C",71
"145","AU18_1081","37253_C",39
"146","AU18_1081","C21",56
"147","AU18_1081","1630543_C",36
"148","AU18_1081","1612485_C",34
"149","AU18_1081","1645678_C",40
"150","AU18_1081","1622915_C",44
"151","AU18_1071","C22",4166
"152","AU18_1071","C22ad",1480
"153","AU18_1071","C3",1451
"154","AU18_1071","C22ah",240
"155","AU18_1071","1611788_C",130
"156","AU18_1071","1645568_C",121
"157","AU18_1071","1147954_C",107
"158","AU18_1071","1148411_C",111
"159","AU18_1071","37253_C",100
"160","AU18_1071","C21",52
"161","AU18_1071","1630543_C",56
"162","AU18_1071","1645678_C",69
"163","AU18_1071","1670084_C",44
"164","AU18_0254","C22",3140
"165","AU18_0254","C22ad",1483
"166","AU18_0254","C3",1058
"167","AU18_0254","C22ah",212
"168","AU18_0254","1611788_C",111
"169","AU18_0254","1645568_C",96
"170","AU18_0254","1147954_C",89
"171","AU18_0254","1148411_C",44
"172","AU18_0254","37253_C",63
"173","AU18_0254","C21",68
"174","AU18_0254","1630543_C",48
"175","AU18_0254","2174376_C",27
"176","AU18_0254","1622915_C",51
"177","AU18_0254","2786619_C",38
"178","AU18_1138","C22",10179
"179","AU18_1138","C22ad",3585
"180","AU18_1138","C3",2264
"181","AU18_1138","C22ah",810
"182","AU18_1138","1611788_C",333
"183","AU18_1138","1645568_C",374
"184","AU18_1138","1147954_C",315
"185","AU18_1138","1148411_C",280
"186","AU18_1138","37253_C",125
"187","AU18_1138","1630543_C",127
"188","AU18_1138","1612485_C",148
"189","AU18_1138","1645678_C",127
"190","AU18_0596","C22",1784
"191","AU18_0596","C22ad",709
"192","AU18_0596","C3",718
"193","AU18_0596","C22ah",120
"194","AU18_0596","1611788_C",71
"195","AU18_0596","1645568_C",57
"196","AU18_0596","1147954_C",43
"197","AU18_0596","1148411_C",29
"198","AU18_0596","37253_C",35
"199","AU18_0596","C21",35
"200","AU18_0596","1630543_C",18
"201","AU18_0596","C3n",36
"202","AU18_0596","1626916_C",22
"203","AU18_0596","21025_C",17
"204","AU18_0742","C22",1903
"205","AU18_0742","C22ad",918
"206","AU18_0742","C3",372
"207","AU18_0742","C22ah",125
"208","AU18_0742","1611788_C",73
"209","AU18_0742","1645568_C",70
"210","AU18_0742","1147954_C",45
"211","AU18_0742","1148411_C",44
"212","AU18_0742","37253_C",33
"213","AU18_0742","C21",31
"214","AU18_0742","1630543_C",20
"215","AU18_0742","1612485_C",20
"216","AU18_0742","1626916_C",16
"217","AU18_0742","1670084_C",18
"218","AU18_0587","C22",3244
"219","AU18_0587","C22ad",1038
"220","AU18_0587","C3",752
"221","AU18_0587","C22ah",302
"222","AU18_0587","1611788_C",136
"223","AU18_0587","1645568_C",134
"224","AU18_0587","1147954_C",83
"225","AU18_0587","1148411_C",69
"226","AU18_0587","37253_C",37
"227","AU18_0587","1630543_C",48
"228","AU18_0587","1626916_C",30
"229","AU18_0587","2174376_C",33
"230","AU18_0587","1662001_C",59
"231","AU18_0614","C22",3680
"232","AU18_0614","C22ad",1719
"233","AU18_0614","C3",905
"234","AU18_0614","C22ah",230
"235","AU18_0614","1611788_C",169
"236","AU18_0614","1645568_C",121
"237","AU18_0614","1147954_C",141
"238","AU18_0614","1148411_C",108
"239","AU18_0614","37253_C",52
"240","AU18_0614","1630543_C",64
"241","AU18_0614","1612485_C",45
"242","AU18_0614","1626916_C",36
"243","AU18_0614","1611789_C",39
"244","AU18_0583","C22",4214
"245","AU18_0583","C22ad",1881
"246","AU18_0583","C3",523
"247","AU18_0583","C22ah",261
"248","AU18_0583","1611788_C",132
"249","AU18_0583","1645568_C",112
"250","AU18_0583","1147954_C",78
"251","AU18_0583","1148411_C",126
"252","AU18_0583","37253_C",55
"253","AU18_0583","1630543_C",64
"254","AU18_0583","1612485_C",52
"255","AU18_0583","1680592_C",91
"256","AU18_0583","1622915_C",65
"257","AU18_0583","1637611_C",45
"258","AU18_0331","C22",2552
"259","AU18_0331","C22ad",1216
"260","AU18_0331","C3",815
"261","AU18_0331","C22ah",171
"262","AU18_0331","1611788_C",78
"263","AU18_0331","1645568_C",80
"264","AU18_0331","1147954_C",63
"265","AU18_0331","1148411_C",50
"266","AU18_0331","37253_C",55
"267","AU18_0331","C21",57
"268","AU18_0331","1630543_C",26
"269","AU18_0331","1626916_C",22
"270","AU18_0331","1645678_C",38
"271","AU18_0331","1622915_C",44
"272","AU18_0331","1670084_C",23
"273","AU18_0331","2786619_C",35
"274","AU18_0251","C22",5420
"275","AU18_0251","C22ad",2808
"276","AU18_0251","C3",2160
"277","AU18_0251","C22ah",388
"278","AU18_0251","1611788_C",170
"279","AU18_0251","1645568_C",212
"280","AU18_0251","1147954_C",121
"281","AU18_0251","1148411_C",96
"282","AU18_0251","37253_C",121
"283","AU18_0251","C21",115
"284","AU18_0251","1630543_C",83
"285","AU18_0251","1626916_C",52
"286","AU18_0251","1645678_C",101
"287","AU18_0251","2174376_C",53
"288","AU18_0251","1622915_C",72
"289","AU18_0251","1670084_C",53
"290","AU18_0251","2786619_C",59
"291","AU18_0460","C22",1925
"292","AU18_0460","C22ad",891
"293","AU18_0460","C3",471
"294","AU18_0460","C22ah",122
"295","AU18_0460","1611788_C",63
"296","AU18_0460","1645568_C",46
"297","AU18_0460","1147954_C",61
"298","AU18_0460","1148411_C",60
"299","AU18_0460","37253_C",49
"300","AU18_0460","1630543_C",32
"301","AU18_0460","1612485_C",32
"302","AU18_0460","1626916_C",15
"303","AU18_0460","1645678_C",35
"304","AU18_0460","1670084_C",20
"305","AU18_0460","1630513_C",18
"306","AU18_0432","C22",1398
"307","AU18_0432","C22ad",556
"308","AU18_0432","C3",361
"309","AU18_0432","C22ah",101
"310","AU18_0432","1611788_C",35
"311","AU18_0432","1645568_C",48
"312","AU18_0432","1147954_C",21
"313","AU18_0432","1148411_C",45
"314","AU18_0432","37253_C",33
"315","AU18_0432","C21",14
"316","AU18_0432","1630543_C",20
"317","AU18_0432","1612485_C",15
"318","AU18_0432","1645678_C",23
"319","AU18_0432","1622915_C",18
"320","AU18_0432","2786619_C",21
"321","AU18_0432","1630513_C",13
"322","AU18_1083","C22",3479
"323","AU18_1083","C22ad",1436
"324","AU18_1083","C3",1261
"325","AU18_1083","C22ah",254
"326","AU18_1083","1611788_C",108
"327","AU18_1083","1645568_C",131
"328","AU18_1083","1147954_C",109
"329","AU18_1083","1148411_C",103
"330","AU18_1083","37253_C",77
"331","AU18_1083","C21",65
"332","AU18_1083","1630543_C",39
"333","AU18_1083","1612485_C",33
"334","AU18_1083","1645678_C",88
"335","AU18_1083","1622915_C",46
"336","AU18_1083","1670084_C",37
"337","AU18_0459","C22",2116
"338","AU18_0459","C22ad",744
"339","AU18_0459","C3",445
"340","AU18_0459","C22ah",178
"341","AU18_0459","1611788_C",73
"342","AU18_0459","1645568_C",77
"343","AU18_0459","1147954_C",51
"344","AU18_0459","1148411_C",62
"345","AU18_0459","37253_C",20
"346","AU18_0459","1630543_C",31
"347","AU18_0459","1612485_C",30
"348","AU18_0459","1626916_C",20
"349","AU18_0459","2174376_C",17
"350","AU18_0459","1622915_C",25
"351","AU18_0459","1670084_C",21
"352","AU18_0459","2786619_C",27
"353","AU18_0737","C22",666
"354","AU18_0737","C22ad",323
"355","AU18_0737","C3",101
"356","AU18_0737","C22ah",25
"357","AU18_0737","1611788_C",25
"358","AU18_0737","1147954_C",10
"359","AU18_0737","1148411_C",6
"360","AU18_0737","1630543_C",10
"361","AU18_0737","1612485_C",5
"362","AU18_0737","1630681_C",34
"363","AU18_0737","1611789_C",8
"364","AU18_0737","2885790_C",21
"365","AU18_0737","1670421_C",25
"366","AU18_0737","1670426_C",5
"367","AU18_1126","C22",5063
"368","AU18_1126","C22ad",2369
"369","AU18_1126","C3",1036
"370","AU18_1126","C22ah",199
"371","AU18_1126","1611788_C",146
"372","AU18_1126","1147954_C",81
"373","AU18_1126","1148411_C",85
"374","AU18_1126","37253_C",69
"375","AU18_1126","1630543_C",44
"376","AU18_1126","1612485_C",94
"377","AU18_1126","1626916_C",42
"378","AU18_1126","1645678_C",72
"379","AU18_1126","1630681_C",231
"380","AU18_1126","1670084_C",46
"381","AU18_1126","2885790_C",126
"382","AU18_1126","1670421_C",140
"383","AU18_0615","C22",2684
"384","AU18_0615","C22ad",651
"385","AU18_0615","C3",398
"386","AU18_0615","C22ah",218
"387","AU18_0615","1611788_C",145
"388","AU18_0615","1645568_C",56
"389","AU18_0615","1147954_C",83
"390","AU18_0615","1148411_C",50
"391","AU18_0615","C21",28
"392","AU18_0615","1630543_C",55
"393","AU18_0615","1626916_C",38
"394","AU18_0615","2174376_C",45
"395","AU18_0615","1611789_C",37
"396","AU18_0588","C22",3454
"397","AU18_0588","C22ad",1845
"398","AU18_0588","C3",1035
"399","AU18_0588","C22ah",389
"400","AU18_0588","1611788_C",126
"401","AU18_0588","1645568_C",206
"402","AU18_0588","1147954_C",114
"403","AU18_0588","1148411_C",72
"404","AU18_0588","37253_C",54
"405","AU18_0588","C21",67
"406","AU18_0588","1626916_C",42
"407","AU18_0588","2174376_C",44
"408","AU18_0588","1611789_C",32
"409","AU18_0588","1626350_C",61
"410","AU18_0588","1692949_C",64
"411","AU18_0588","2885742_C",39
"412","AU18_1129","C22",1657
"413","AU18_1129","C22ad",571
"414","AU18_1129","C3",346
"415","AU18_1129","C22ah",123
"416","AU18_1129","1611788_C",55
"417","AU18_1129","1645568_C",46
"418","AU18_1129","1147954_C",48
"419","AU18_1129","1148411_C",39
"420","AU18_1129","37253_C",30
"421","AU18_1129","1630543_C",26
"422","AU18_1129","1612485_C",28
"423","AU18_1129","1626916_C",15
"424","AU18_1129","1645678_C",23
"425","AU18_1129","1670084_C",19
"426","AU18_1129","D1",31
"427","AU18_1129","D6",12
"428","AU18_1129","D1d",9
"429","AU18_1129","D17d",8
"430","AU18_0520","C22",3117
"431","AU18_0520","C22ad",818
"432","AU18_0520","C3",749
"433","AU18_0520","C22ah",126
"434","AU18_0520","C50b",89
"435","AU18_0520","1611788_C",135
"436","AU18_0520","1147954_C",61
"437","AU18_0520","1148411_C",108
"438","AU18_0520","37253_C",23
"439","AU18_0520","C21",24
"440","AU18_0520","C3bm",22
"441","AU18_0520","1630543_C",24
"442","AU18_0520","1612485_C",61
"443","AU18_0520","1680592_C",70
"444","AU18_0520","1626916_C",28
"445","AU18_0520","1645787_C",23
"446","AU18_0520","1611789_C",69
"447","AU18_1060","C22",4153
"448","AU18_1060","C22ad",1468
"449","AU18_1060","C3",968
"450","AU18_1060","C22ah",306
"451","AU18_1060","1611788_C",152
"452","AU18_1060","1645568_C",148
"453","AU18_1060","1147954_C",95
"454","AU18_1060","1148411_C",117
"455","AU18_1060","37253_C",42
"456","AU18_1060","C21",60
"457","AU18_1060","1630543_C",57
"458","AU18_1060","1612485_C",39
"459","AU18_1060","1680592_C",52
"460","AU18_1060","1626916_C",41
"461","AU18_1060","1645678_C",63
"462","AU18_1060","1626350_C",61
"463","AU18_1060","1662001_C",91
"464","AU18_1060","1626763_C",46
"465","AU18_0111","C22",2034
"466","AU18_0111","C22ad",1842
"467","AU18_0111","C3",434
"468","AU18_0111","C22ah",113
"469","AU18_0111","1611788_C",50
"470","AU18_0111","1645568_C",56
"471","AU18_0111","1147954_C",47
"472","AU18_0111","1148411_C",45
"473","AU18_0111","37253_C",79
"474","AU18_0111","1646063_C",272
"475","AU18_0111","1630543_C",26
"476","AU18_0111","1622915_C",26
"477","AU18_0111","1670084_C",37
"478","AU18_0111","1630588_C",95
"479","AU18_0111","1645877_C",35
"480","AU18_1123","C22",6284
"481","AU18_1123","C22ad",1053
"482","AU18_1123","C3",1075
"483","AU18_1123","C22ah",230
"484","AU18_1123","1611788_C",309
"485","AU18_1123","1645568_C",130
"486","AU18_1123","1147954_C",171
"487","AU18_1123","1148411_C",192
"488","AU18_1123","1630543_C",64
"489","AU18_1123","1612485_C",183
"490","AU18_1123","1626916_C",53
"491","AU18_1123","2174376_C",44
"492","AU18_1123","1611789_C",45
"493","AU18_1123","1626350_C",150
"494","AU18_1123","1662001_C",86
"495","AU18_1123","1626763_C",65
"496","AU18_1123","1714620_C",60
"497","AU18_0332","C22",271
"498","AU18_0332","C22ad",142
"499","AU18_0332","C3",95
"500","AU18_0332","C22ah",22
"501","AU18_0332","1611788_C",15
"502","AU18_0332","1147954_C",12
"503","AU18_0332","1148411_C",5
"504","AU18_0332","37253_C",8
"505","AU18_0332","1630543_C",5
"506","AU18_0332","1645678_C",4
"507","AU18_0332","2786619_C",4
"508","AU18_0332","2282560_C",7
"509","AU18_0332","2282565_C",4
"510","AU18_0332","1645877_C",4
"511","AU18_0332","C3cl",6
"512","AU18_0332","D1",365
"513","AU18_0332","D6",40
"514","AU18_0332","D4",29
"515","AU18_0332","D1d",68
"516","AU18_0332","D6c",8
"517","AU18_0332","D4ae",5
"518","AU18_0332","D17d",5
"519","AU18_0332","172931_D",9
"520","AU18_0332","D17e",8
"521","AU18_0332","D6g",6
"522","AU18_0332","25566_D",5
"523","AU18_0332","D1r",7
"524","AU18_0963","C22",2356
"525","AU18_0963","C22ad",1386
"526","AU18_0963","C1",44
"527","AU18_0963","C3",761
"528","AU18_0963","C22ah",176
"529","AU18_0963","1611788_C",55
"530","AU18_0963","1645568_C",25
"531","AU18_0963","1147954_C",26
"532","AU18_0963","37253_C",34
"533","AU18_0963","C21",46
"534","AU18_0963","1626916_C",28
"535","AU18_0963","2174376_C",42
"536","AU18_0963","G3a",5
"537","AU18_0964","C22",2023
"538","AU18_0964","C22ad",1292
"539","AU18_0964","C1",31
"540","AU18_0964","C3",599
"541","AU18_0964","C22ah",160
"542","AU18_0964","1611788_C",65
"543","AU18_0964","1645568_C",55
"544","AU18_0964","1147954_C",51
"545","AU18_0964","1148411_C",55
"546","AU18_0964","37253_C",33
"547","AU18_0964","1630543_C",24
"548","AU18_0964","21025_C",20
"549","AU18_0964","1351_C",20
"550","AU18_0702","C22",1470
"551","AU18_0702","C22ad",1055
"552","AU18_0702","C1",121
"553","AU18_0702","C3",425
"554","AU18_0702","C22ah",57
"555","AU18_0702","1611788_C",43
"556","AU18_0702","1147954_C",24
"557","AU18_0702","1148411_C",36
"558","AU18_0702","37253_C",50
"559","AU18_0702","C21",26
"560","AU18_0702","1630543_C",16
"561","AU18_0702","1626916_C",14
"562","AU18_0702","1630681_C",39
"563","AU18_0702","2885790_C",18
"564","AU18_0589","C22",2605
"565","AU18_0589","C22ad",1336
"566","AU18_0589","C1",55
"567","AU18_0589","C3",839
"568","AU18_0589","C22ah",226
"569","AU18_0589","1611788_C",102
"570","AU18_0589","1645568_C",103
"571","AU18_0589","1147954_C",53
"572","AU18_0589","1148411_C",40
"573","AU18_0589","37253_C",45
"574","AU18_0589","1612485_C",25
"575","AU18_0589","1626916_C",35
"576","AU18_0589","2174376_C",30
"577","AU18_0589","1611789_C",25
"578","AU18_1039","C22",2334
"579","AU18_1039","C22ad",1005
"580","AU18_1039","C1",237
"581","AU18_1039","C3",617
"582","AU18_1039","C22ah",125
"583","AU18_1039","1611788_C",63
"584","AU18_1039","1645568_C",80
"585","AU18_1039","1147954_C",59
"586","AU18_1039","1148411_C",47
"587","AU18_1039","37253_C",50
"588","AU18_1039","1630543_C",24
"589","AU18_1039","1611789_C",42
"590","AU18_1039","2885741_C",29
"591","AU18_1039","69388_C",21
"592","AU18_0967","C22",1631
"593","AU18_0967","C22ad",822
"594","AU18_0967","C1",103
"595","AU18_0967","C3",681
"596","AU18_0967","C22ah",122
"597","AU18_0967","1611788_C",40
"598","AU18_0967","1645568_C",46
"599","AU18_0967","1147954_C",35
"600","AU18_0967","1148411_C",67
"601","AU18_0967","37253_C",36
"602","AU18_0967","C21",60
"603","AU18_0967","1630543_C",22
"604","AU18_0967","42219_C",17
"605","AU18_0617","C22",2399
"606","AU18_0617","C22ad",1408
"607","AU18_0617","C1",23
"608","AU18_0617","C3",985
"609","AU18_0617","C22ah",160
"610","AU18_0617","1611788_C",81
"611","AU18_0617","1645568_C",79
"612","AU18_0617","1147954_C",48
"613","AU18_0617","1148411_C",45
"614","AU18_0617","37253_C",97
"615","AU18_0617","1630543_C",36
"616","AU18_0617","1612485_C",45
"617","AU18_0617","21025_C",28
"618","AU18_0617","1613357_C",22
"619","AU18_0685","C22",1712
"620","AU18_0685","C22ad",915
"621","AU18_0685","C1",13
"622","AU18_0685","C3",225
"623","AU18_0685","C22ah",166
"624","AU18_0685","1611788_C",77
"625","AU18_0685","1645568_C",56
"626","AU18_0685","1147954_C",62
"627","AU18_0685","1148411_C",21
"628","AU18_0685","1630543_C",31
"629","AU18_0685","1626916_C",20
"630","AU18_0685","2174376_C",18
"631","AU18_0685","1670084_C",14
"632","AU18_1031","C22",2959
"633","AU18_1031","C22ad",1435
"634","AU18_1031","C1",38
"635","AU18_1031","C3",538
"636","AU18_1031","C22ah",220
"637","AU18_1031","1611788_C",88
"638","AU18_1031","1645568_C",106
"639","AU18_1031","1147954_C",85
"640","AU18_1031","1148411_C",81
"641","AU18_1031","37253_C",47
"642","AU18_1031","1630543_C",36
"643","AU18_1031","1612485_C",44
"644","AU18_1031","1670084_C",26
"645","AU18_0688","C22",3160
"646","AU18_0688","C22ad",1055
"647","AU18_0688","C1",123
"648","AU18_0688","C3",513
"649","AU18_0688","C22ah",193
"650","AU18_0688","1611788_C",115
"651","AU18_0688","1645568_C",103
"652","AU18_0688","1147954_C",94
"653","AU18_0688","1148411_C",66
"654","AU18_0688","37253_C",32
"655","AU18_0688","1630543_C",35
"656","AU18_0688","1612485_C",42
"657","AU18_0688","1626916_C",23
"658","AU18_0256","C22",1231
"659","AU18_0256","C22ad",591
"660","AU18_0256","C1",40
"661","AU18_0256","C3",260
"662","AU18_0256","C22ah",78
"663","AU18_0256","1611788_C",37
"664","AU18_0256","1645568_C",49
"665","AU18_0256","1147954_C",39
"666","AU18_0256","1148411_C",18
"667","AU18_0256","37253_C",20
"668","AU18_0256","1630543_C",14
"669","AU18_0256","1612485_C",22
"670","AU18_0256","2174376_C",11
"671","AU18_0256","1622915_C",18
"672","AU18_0256","1642017_C",11
"673","AU18_1038","C22",3074
"674","AU18_1038","C22ad",1203
"675","AU18_1038","C1",95
"676","AU18_1038","C3",612
"677","AU18_1038","C22ah",208
"678","AU18_1038","1611788_C",101
"679","AU18_1038","1645568_C",92
"680","AU18_1038","1147954_C",88
"681","AU18_1038","1148411_C",78
"682","AU18_1038","37253_C",37
"683","AU18_1038","1630543_C",34
"684","AU18_1038","1612485_C",37
"685","AU18_1038","1645678_C",31
"686","AU18_1038","1670084_C",27
"687","AU18_1038","2885805_C",47
"688","AU18_0612","C22",2532
"689","AU18_0612","C22ad",1144
"690","AU18_0612","C1",433
"691","AU18_0612","C3",638
"692","AU18_0612","C22ah",189
"693","AU18_0612","C42.2",24
"694","AU18_0612","C1b",51
"695","AU18_0612","1611788_C",74
"696","AU18_0612","1147954_C",76
"697","AU18_0612","1148411_C",79
"698","AU18_0612","37253_C",44
"699","AU18_0612","C22ai",102
"700","AU18_0612","1630543_C",41
"701","AU18_0612","1622915_C",29
"702","AU18_0612","2786619_C",27
"703","AU18_0686","C22",1644
"704","AU18_0686","C22ad",664
"705","AU18_0686","C1",21
"706","AU18_0686","C3",876
"707","AU18_0686","C22ah",156
"708","AU18_0686","1611788_C",53
"709","AU18_0686","1645568_C",61
"710","AU18_0686","1147954_C",48
"711","AU18_0686","1148411_C",34
"712","AU18_0686","37253_C",30
"713","AU18_0686","C21",49
"714","AU18_0686","2174376_C",24
"715","AU18_0686","1611789_C",22
"716","AU18_0686","333087_C",16
"717","AU18_0686","21025_C",19
"718","AU18_0686","1613357_C",23
"719","AU18_1124","C22",1800
"720","AU18_1124","C22ad",605
"721","AU18_1124","C1",59
"722","AU18_1124","C3",846
"723","AU18_1124","C22ah",118
"724","AU18_1124","1611788_C",70
"725","AU18_1124","1645568_C",55
"726","AU18_1124","1147954_C",33
"727","AU18_1124","1148411_C",33
"728","AU18_1124","37253_C",29
"729","AU18_1124","C21",62
"730","AU18_1124","1630543_C",29
"731","AU18_1124","1645678_C",35
"732","AU18_1124","2174376_C",26
"733","AU18_1124","42219_C",17
"734","AU18_0260","C22",1153
"735","AU18_0260","C22ad",599
"736","AU18_0260","C1",10
"737","AU18_0260","C3",400
"738","AU18_0260","C22ah",87
"739","AU18_0260","1611788_C",48
"740","AU18_0260","1645568_C",35
"741","AU18_0260","1147954_C",46
"742","AU18_0260","1148411_C",21
"743","AU18_0260","37253_C",25
"744","AU18_0260","C21",36
"745","AU18_0260","1630543_C",17
"746","AU18_0260","1622915_C",15
"747","AU18_0260","1642017_C",13
"748","AU18_0592","C22",2236
"749","AU18_0592","C22ad",1188
"750","AU18_0592","C1",216
"751","AU18_0592","C3",951
"752","AU18_0592","C22ah",178
"753","AU18_0592","1611788_C",102
"754","AU18_0592","1645568_C",82
"755","AU18_0592","1147954_C",70
"756","AU18_0592","1148411_C",34
"757","AU18_0592","37253_C",63
"758","AU18_0592","C21",46
"759","AU18_0592","1630543_C",42
"760","AU18_0592","1612485_C",33
"761","AU18_0592","1626916_C",22
"762","AU18_0592","2174376_C",28
"763","AU18_0592","21025_C",22
"764","AU18_0590","C22",2336
"765","AU18_0590","C22ad",1421
"766","AU18_0590","C1",527
"767","AU18_0590","C3",1147
"768","AU18_0590","C22ah",212
"769","AU18_0590","1611788_C",103
"770","AU18_0590","1645568_C",74
"771","AU18_0590","1147954_C",82
"772","AU18_0590","1148411_C",61
"773","AU18_0590","37253_C",81
"774","AU18_0590","C21",58
"775","AU18_0590","1630543_C",42
"776","AU18_0590","1626916_C",26
"777","AU18_0590","1611789_C",30
"778","AU18_0590","1670084_C",27
"779","AU18_0590","21025_C",36
"780","AU18_0590","1351_C",29
"781","AU18_0910","A1",4
"782","AU18_0910","C22",3415
"783","AU18_0910","C22ad",1042
"784","AU18_0910","C1",29
"785","AU18_0910","C3",1098
"786","AU18_0910","C22ah",250
"787","AU18_0910","1611788_C",136
"788","AU18_0910","1645568_C",94
"789","AU18_0910","1147954_C",83
"790","AU18_0910","1148411_C",70
"791","AU18_0910","37253_C",34
"792","AU18_0910","C21",68
"793","AU18_0910","1630543_C",42
"794","AU18_0910","1612485_C",26
"795","AU18_0910","1626916_C",35
"796","AU18_0910","1645678_C",55
"797","AU18_0910","21025_C",30
"798","AU18_0108","C22",1027
"799","AU18_0108","C22ad",525
"800","AU18_0108","C1",21
"801","AU18_0108","C3",262
"802","AU18_0108","C22ah",71
"803","AU18_0108","C1nu",12
"804","AU18_0108","1611788_C",33
"805","AU18_0108","1645568_C",32
"806","AU18_0108","1147954_C",24
"807","AU18_0108","1148411_C",20
"808","AU18_0108","37253_C",20
"809","AU18_0108","C21",17
"810","AU18_0108","1630543_C",13
"811","AU18_0108","1626916_C",9
"812","AU18_0108","1645678_C",13
"813","AU18_0108","2174376_C",8
"814","AU18_0108","1611789_C",13
"815","AU18_0108","21025_C",8
"816","AU18_0824","C22",4025
"817","AU18_0824","C22ad",943
"818","AU18_0824","C1",43
"819","AU18_0824","C3",759
"820","AU18_0824","C22ah",118
"821","AU18_0824","1611788_C",173
"822","AU18_0824","1147954_C",76
"823","AU18_0824","1148411_C",84
"824","AU18_0824","1630543_C",74
"825","AU18_0824","1612485_C",70
"826","AU18_0824","1611789_C",63
"827","AU18_0824","1626763_C",62
"828","AU18_0824","D1",37
"829","AU18_0824","D6",35
"830","AU18_0824","D4",36
"831","AU18_0824","D1ej",8
"832","AU18_0824","D2.2",6
"833","AU18_0824","D1id",5
"834","AU18_0824","10616_D",8
"835","AU18_1079","C22",2239
"836","AU18_1079","C22ad",746
"837","AU18_1079","C1",27
"838","AU18_1079","C3",479
"839","AU18_1079","C22ah",135
"840","AU18_1079","1611788_C",81
"841","AU18_1079","1645568_C",76
"842","AU18_1079","1147954_C",64
"843","AU18_1079","1148411_C",58
"844","AU18_1079","37253_C",27
"845","AU18_1079","1630543_C",30
"846","AU18_1079","1612485_C",40
"847","AU18_1079","1645678_C",26
"848","AU18_1079","2885792_C",29
"849","AU18_1079","2885793_C",25
"850","AU18_0695","C22",1939
"851","AU18_0695","C22ad",850
"852","AU18_0695","C1",1421
"853","AU18_0695","C3",558
"854","AU18_0695","C22ah",170
"855","AU18_0695","C1b",59
"856","AU18_0695","C1c",79
"857","AU18_0695","1611788_C",78
"858","AU18_0695","1147954_C",60
"859","AU18_0695","1148411_C",41
"860","AU18_0695","37253_C",52
"861","AU18_0695","C22ai",140
"862","AU18_0695","C72k",35
"863","AU18_0695","C1w",32
"864","AU18_0695","C1al",26
"865","AU18_0695","C3ju",24
"866","AU18_0597","C22",2985
"867","AU18_0597","C22ad",1504
"868","AU18_0597","C1",37
"869","AU18_0597","C3",1322
"870","AU18_0597","C22ah",192
"871","AU18_0597","1611788_C",103
"872","AU18_0597","1645568_C",94
"873","AU18_0597","1147954_C",73
"874","AU18_0597","1148411_C",67
"875","AU18_0597","37253_C",87
"876","AU18_0597","C21",58
"877","AU18_0597","1630543_C",37
"878","AU18_0597","1612485_C",33
"879","AU18_0597","C3n",157
"880","AU18_0597","1645678_C",58
"881","AU18_0692","C22",3963
"882","AU18_0692","C22ad",672
"883","AU18_0692","C1",62
"884","AU18_0692","C3",748
"885","AU18_0692","C22ah",52
"886","AU18_0692","1611788_C",142
"887","AU18_0692","1147954_C",43
"888","AU18_0692","1148411_C",66
"889","AU18_0692","1612485_C",56
"890","AU18_0692","1680592_C",143
"891","AU18_0692","1630681_C",150
"892","AU18_0692","1611789_C",47
"893","AU18_0692","1662001_C",50
"894","AU18_0692","1630513_C",30
"895","AU18_0257","C22",1705
"896","AU18_0257","C22ad",903
"897","AU18_0257","C1",117
"898","AU18_0257","C3",553
"899","AU18_0257","C22ah",93
"900","AU18_0257","C42.2",46
"901","AU18_0257","C3xe",15
"902","AU18_0257","C1b",17
"903","AU18_0257","1611788_C",78
"904","AU18_0257","1645568_C",52
"905","AU18_0257","1147954_C",53
"906","AU18_0257","1148411_C",42
"907","AU18_0257","37253_C",34
"908","AU18_0257","C21",30
"909","AU18_0257","1630543_C",21
"910","AU18_0257","1626916_C",16
"911","AU18_0257","1622915_C",24
"912","AU18_0257","2786619_C",16
"913","AU18_0257","1670426_C",17
"914","AU18_0257","1642017_C",17
"915","AU18_0485","C22",566
"916","AU18_0485","C22ad",308
"917","AU18_0485","C1",34
"918","AU18_0485","C3",166
"919","AU18_0485","C22ah",42
"920","AU18_0485","1611788_C",29
"921","AU18_0485","1147954_C",11
"922","AU18_0485","C8",15
"923","AU18_0485","1148411_C",7
"924","AU18_0485","C21",9
"925","AU18_0485","C79",14
"926","AU18_0485","1630543_C",12
"927","AU18_0485","C8a",7
"928","AU18_0485","C78c",9
"929","AU18_0485","1626916_C",8
"930","AU18_0485","2174376_C",8
"931","AU18_0485","1611789_C",6
"932","AU18_0485","C54l",17
"933","AU18_0485","1626350_C",21
"934","AU18_0485","C42e",7
"935","AU18_0485","2239310_C",6
"936","AU18_0485","C79b",5
"937","AU18_0485","C54b",5
"938","AU18_0485","C1j",5
"939","AU18_0485","D1",5
"940","AU18_0895","C22",1292
"941","AU18_0895","C22ad",208
"942","AU18_0895","C1",11
"943","AU18_0895","C3",274
"944","AU18_0895","C22ah",58
"945","AU18_0895","1611788_C",62
"946","AU18_0895","1147954_C",17
"947","AU18_0895","1148411_C",37
"948","AU18_0895","1630543_C",23
"949","AU18_0895","1612485_C",28
"950","AU18_0895","1626916_C",20
"951","AU18_0895","1611789_C",27
"952","AU18_0895","1626763_C",21
"953","AU18_0895","2282560_C",11
"954","AU18_0895","2282558_C",9
"955","AU18_0895","1630350_C",30
"956","AU18_0895","2885794_C",10
"957","AU18_0895","1658362_C",8
"958","AU18_0895","D1",387
"959","AU18_0895","D6",159
"960","AU18_0895","D4",188
"961","AU18_0895","D1ej",52
"962","AU18_0895","D2.2",20
"963","AU18_0895","D4k",27
"964","AU18_0895","D17d",4
"965","AU18_0895","D2",11
"966","AU18_0895","D1id",14
"967","AU18_0895","281318_D",16
"968","AU18_0895","7488_D",15
"969","AU18_0895","D17e",5
"970","AU18_0895","2175598_D",11
"971","AU18_0895","D17j",7
"972","AU18_0895","D17c",4
"973","AU18_0895","19245_D",9
"974","AU18_0876","C22",1891
"975","AU18_0876","C22ad",638
"976","AU18_0876","C1",18
"977","AU18_0876","C3",203
"978","AU18_0876","C22ah",28
"979","AU18_0876","1148411_C",30
"980","AU18_0876","1612485_C",19
"981","AU18_0876","1611789_C",16
"982","AU18_0876","2282560_C",15
"983","AU18_0876","1653201_C",11
"984","AU18_0876","D1",737
"985","AU18_0876","D6",361
"986","AU18_0876","D4",386
"987","AU18_0876","D1ej",89
"988","AU18_0876","D2.2",72
"989","AU18_0876","D4k",77
"990","AU18_0876","D17d",15
"991","AU18_0876","D2",26
"992","AU18_0876","281318_D",25
"993","AU18_0876","7488_D",26
"994","AU18_0876","D17e",19
"995","AU18_0876","2175598_D",13
"996","AU18_0876","223603_D",24
"997","AU18_0876","17682_D",11
"998","AU18_0876","D17j",17
"999","AU18_0876","D17c",8
"1000","AU18_0876","D2c",17
"1001","AU18_0876","D17al",10
"1002","AU18_0876","D17l",7
"1003","AU18_0876","D1u",10
"1004","AU18_0599","C22",1459
"1005","AU18_0599","C22ad",887
"1006","AU18_0599","C1",33
"1007","AU18_0599","C3",563
"1008","AU18_0599","C22ah",117
"1009","AU18_0599","1611788_C",46
"1010","AU18_0599","1645568_C",54
"1011","AU18_0599","1147954_C",35
"1012","AU18_0599","1148411_C",21
"1013","AU18_0599","37253_C",27
"1014","AU18_0599","C21",30
"1015","AU18_0599","1630543_C",21
"1016","AU18_0599","2174376_C",15
"1017","AU18_0599","1611789_C",15
"1018","AU18_0599","21025_C",16
"1019","AU18_0599","1662001_C",25
"1020","AU18_0599","1351_C",14
"1021","AU18_0599","2885762_C",49
"1022","AU18_0599","D1",307
"1023","AU18_0599","D6",250
"1024","AU18_0599","D4",27
"1025","AU18_0599","D1ej",1322
"1026","AU18_0599","D2.2",153
"1027","AU18_0599","D17d",45
"1028","AU18_0599","D17e",31
"1029","AU18_0599","17682_D",60
"1030","AU18_0599","D2a",16
"1031","AU18_0599","D17c",14
"1032","AU18_0599","D2c",50
"1033","AU18_0599","253897_D",70
"1034","AU18_0599","141145_D",61
"1035","AU18_0599","2885760_D",60
"1036","AU18_0599","222919_D",46
"1037","AU18_0599","460098_D",35
"1038","AU18_0599","10616_D",21
"1039","AU18_0599","13356_D",24
"1040","AU18_0599","D2j",17
"1041","AU18_0599","2885761_D",11
"1042","AU18_0745","C22",3902
"1043","AU18_0745","C22ad",1336
"1044","AU18_0745","C1",709
"1045","AU18_0745","C3",504
"1046","AU18_0745","C42.2",29
"1047","AU18_0745","C1b",45
"1048","AU18_0745","C1c",42
"1049","AU18_0745","1611788_C",75
"1050","AU18_0745","1148411_C",62
"1051","AU18_0745","37253_C",71
"1052","AU18_0745","C22ai",233
"1053","AU18_0745","1612485_C",59
"1054","AU18_0745","1680592_C",86
"1055","AU18_0745","1618884_C",86
"1056","AU18_1035","C22",1515
"1057","AU18_1035","C22ad",654
"1058","AU18_1035","C1",1940
"1059","AU18_1035","C3",719
"1060","AU18_1035","C22ah",66
"1061","AU18_1035","C1b",55
"1062","AU18_1035","C1c",94
"1063","AU18_1035","1611788_C",46
"1064","AU18_1035","1147954_C",40
"1065","AU18_1035","37253_C",116
"1066","AU18_1035","C22ai",294
"1067","AU18_1035","1630543_C",26
"1068","AU18_1035","C50f",25
"1069","AU18_1035","C72k",35
"1070","AU18_1035","1680592_C",43
"1071","AU18_1035","C1w",30
"1072","AU18_1035","C1al",30
"1073","AU18_1035","C3ju",26
"1074","AU18_1035","1646070_C",24
"1075","AU18_1172","C22",2026
"1076","AU18_1172","C22ad",848
"1077","AU18_1172","C1",1789
"1078","AU18_1172","C3",1046
"1079","AU18_1172","C22ah",183
"1080","AU18_1172","C1b",59
"1081","AU18_1172","C1c",122
"1082","AU18_1172","1645568_C",79
"1083","AU18_1172","1147954_C",50
"1084","AU18_1172","1148411_C",56
"1085","AU18_1172","37253_C",99
"1086","AU18_1172","C22ai",338
"1087","AU18_1172","C50f",40
"1088","AU18_1172","1680592_C",105
"1089","AU18_1172","C1al",39
"1090","AU18_1033","C22",272
"1091","AU18_1033","C22ad",158
"1092","AU18_1033","C1",2679
"1093","AU18_1033","C3",279
"1094","AU18_1033","C22ah",35
"1095","AU18_1033","C1b",67
"1096","AU18_1033","C1c",228
"1097","AU18_1033","37253_C",39
"1098","AU18_1033","C22ai",152
"1099","AU18_1033","C72k",42
"1100","AU18_1033","1680592_C",22
"1101","AU18_1033","C1al",33
"1102","AU18_1033","C1jx",26
"1103","AU18_1111","C22",1317
"1104","AU18_1111","C22ad",597
"1105","AU18_1111","C1",718
"1106","AU18_1111","C3",445
"1107","AU18_1111","C22ah",75
"1108","AU18_1111","C1b",35
"1109","AU18_1111","1645568_C",48
"1110","AU18_1111","1147954_C",33
"1111","AU18_1111","1148411_C",29
"1112","AU18_1111","37253_C",80
"1113","AU18_1111","C22ai",144
"1114","AU18_1111","1630543_C",26
"1115","AU18_1111","1612485_C",19
"1116","AU18_1111","1680592_C",43
"1117","AU18_1111","1618884_C",47
"1118","AU18_1111","1630270_C",15
"1119","AU18_1075","C22",1741
"1120","AU18_1075","C22ad",723
"1121","AU18_1075","C1",3794
"1122","AU18_1075","C3",940
"1123","AU18_1075","C22ah",121
"1124","AU18_1075","C1b",94
"1125","AU18_1075","C1c",240
"1126","AU18_1075","1611788_C",53
"1127","AU18_1075","1147954_C",37
"1128","AU18_1075","37253_C",153
"1129","AU18_1075","C22ai",512
"1130","AU18_1075","C50f",63
"1131","AU18_1075","C72k",78
"1132","AU18_1075","1680592_C",81
"1133","AU18_1075","C1w",64
"1134","AU18_1075","C1al",43
"1135","AU18_1075","C1jx",41
"1136","AU18_1075","C3ju",47
"1137","AU18_1075","1626302_C",46
"1138","AU18_1072","C22",2411
"1139","AU18_1072","C22ad",1056
"1140","AU18_1072","C1",2992
"1141","AU18_1072","C3",1398
"1142","AU18_1072","C22ah",222
"1143","AU18_1072","C42.2",55
"1144","AU18_1072","C1b",191
"1145","AU18_1072","C1c",148
"1146","AU18_1072","1645568_C",79
"1147","AU18_1072","1147954_C",73
"1148","AU18_1072","37253_C",234
"1149","AU18_1072","C22ai",599
"1150","AU18_1072","C50f",53
"1151","AU18_1072","C72k",66
"1152","AU18_1072","1680592_C",83
"1153","AU18_1072","1618884_C",109
"1154","AU18_0908","C22",1435
"1155","AU18_0908","C22ad",709
"1156","AU18_0908","C1",2444
"1157","AU18_0908","C3",750
"1158","AU18_0908","C22ah",111
"1159","AU18_0908","C42.2",53
"1160","AU18_0908","C1b",156
"1161","AU18_0908","C1c",206
"1162","AU18_0908","1147954_C",38
"1163","AU18_0908","37253_C",101
"1164","AU18_0908","C22ai",223
"1165","AU18_0908","C50f",31
"1166","AU18_0908","C72k",36
"1167","AU18_0908","1680592_C",42
"1168","AU18_0908","C1w",43
"1169","AU18_0908","C1al",40
"1170","AU18_0908","C1br",31
"1171","AU18_1032","C22",320
"1172","AU18_1032","C22ad",126
"1173","AU18_1032","C1",3267
"1174","AU18_1032","C3",339
"1175","AU18_1032","C22ah",34
"1176","AU18_1032","C1b",107
"1177","AU18_1032","C1c",353
"1178","AU18_1032","C22ai",102
"1179","AU18_1032","C72k",82
"1180","AU18_1032","C1w",57
"1181","AU18_1032","C1al",54
"1182","AU18_1032","C1jx",49
"1183","AU18_1032","C3ju",52
"1184","AU18_1032","C1cu",31
"1185","AU18_1032","C1ge",23
"1186","AU18_1010","C22",416
"1187","AU18_1010","C22ad",138
"1188","AU18_1010","C1",880
"1189","AU18_1010","C3",271
"1190","AU18_1010","C22ah",42
"1191","AU18_1010","C42.2",22
"1192","AU18_1010","C1b",35
"1193","AU18_1010","C1c",58
"1194","AU18_1010","C22ai",67
"1195","AU18_1010","C50f",12
"1196","AU18_1010","C72k",17
"1197","AU18_1010","1680592_C",15
"1198","AU18_1010","C1bh",9
"1199","AU18_1010","C1cb",8
"1200","AU18_1010","1626302_C",8
"1201","AU18_1010","1670248_C",8
"1202","AU18_1010","D1",316
"1203","AU18_1010","D6",68
"1204","AU18_1010","D4",39
"1205","AU18_1010","D1d",27
"1206","AU18_1010","D6c",11
"1207","AU18_1010","D2.2",4
"1208","AU18_1010","D10",16
"1209","AU18_1010","D4ae",5
"1210","AU18_1010","D17d",13
"1211","AU18_1010","D1af",9
"1212","AU18_1010","D17e",6
"1213","AU18_1010","32528_D",9
"1214","AU18_1010","D1r",9
"1215","AU18_1010","2885791_D",4
"1216","AU18_1010","D17c",6
"1217","AU18_1010","D1dm",4
"1218","AU18_1010","1170996_D",7
"1219","AU18_1010","6624_D",4
"1220","AU18_1010","25651_D",4
"1221","AU18_0164","C1",314
"1222","AU18_0164","C42.2",139
"1223","AU18_0164","C3xe",2599
"1224","AU18_0164","C3xf",2103
"1225","AU18_0164","C1b",65
"1226","AU18_0164","C3ih",101
"1227","AU18_0164","107479_C",137
"1228","AU18_0164","766366_C",38
"1229","AU18_0164","C3mk",29
"1230","AU18_0164","1491900_C",69
"1231","AU18_0164","2286672_C",265
"1232","AU18_0164","91281_C",32
"1233","AU18_0164","2783498_C",116
"1234","AU18_0069","C1",1354
"1235","AU18_0069","C42.2",735
"1236","AU18_0069","C3xe",1148
"1237","AU18_0069","C3xf",41
"1238","AU18_0069","C1b",248
"1239","AU18_0069","C3ih",161
"1240","AU18_0069","C1gw",153
"1241","AU18_0069","C1ab",79
"1242","AU18_0069","C1by",127
"1243","AU18_0069","47106_C",58
"1244","AU18_0069","44745_C",56
"1245","AU18_0069","1031429_C",101
"1246","AU18_0069","2783481_C",24
"1247","AU18_0069","C3mk",40
"1248","AU18_0069","47105_C",24
"1249","AU18_0069","C120b",52
"1250","AU18_0069","1491900_C",38
"1251","AU18_0069","90920_C",41
"1252","AU18_0069","C42ao",21
"1253","AU18_0069","C3vb",28
"1254","AU18_0069","1029753_C",62
"1255","AU18_0069","91281_C",49
"1256","AU18_0069","147220_C",35
"1257","AU18_0069","92851_C",31
"1258","AU18_0069","2784993_C",52
"1259","AU18_0069","2885800_C",26
"1260","AU18_0071","C22",4
"1261","AU18_0071","C1",212
"1262","AU18_0071","C3",4
"1263","AU18_0071","C42.2",166
"1264","AU18_0071","C3xe",99
"1265","AU18_0071","C3xf",140
"1266","AU18_0071","C1b",89
"1267","AU18_0071","C8",11
"1268","AU18_0071","C3ih",66
"1269","AU18_0071","C1gw",22
"1270","AU18_0071","C1ab",18
"1271","AU18_0071","C1by",18
"1272","AU18_0071","107479_C",17
"1273","AU18_0071","C8a",4
"1274","AU18_0071","278761_C",15
"1275","AU18_0071","766366_C",7
"1276","AU18_0071","1031429_C",4
"1277","AU18_0071","2783481_C",9
"1278","AU18_0071","C3mk",7
"1279","AU18_0071","47105_C",11
"1280","AU18_0071","C120b",11
"1281","AU18_0071","1026568_C",26
"1282","AU18_0071","C42e",5
"1283","AU18_0071","2783442_C",4
"1284","AU18_0071","C79b",10
"1285","AU18_0071","2783357_C",4
"1286","AU18_0071","1163943_C",8
"1287","AU18_0071","2885740_C",9
"1288","AU18_0071","1685230_C",5
"1289","AU18_0071","1631480_C",4
"1290","AU18_0237","C1",300
"1291","AU18_0237","C3",5
"1292","AU18_0237","C42.2",199
"1293","AU18_0237","C3xe",161
"1294","AU18_0237","C3xf",80
"1295","AU18_0237","C1b",66
"1296","AU18_0237","C3ih",72
"1297","AU18_0237","C1gw",32
"1298","AU18_0237","C1ab",43
"1299","AU18_0237","C1by",26
"1300","AU18_0237","107479_C",21
"1301","AU18_0237","278761_C",19
"1302","AU18_0237","47106_C",6
"1303","AU18_0237","44745_C",5
"1304","AU18_0237","1031429_C",12
"1305","AU18_0237","2783481_C",4
"1306","AU18_0237","C3mk",5
"1307","AU18_0237","47105_C",6
"1308","AU18_0237","90920_C",9
"1309","AU18_0237","2783544_C",8
"1310","AU18_0237","91281_C",9
"1311","AU18_0237","147220_C",10
"1312","AU18_0237","1150766_C",4
"1313","AU18_0237","2783357_C",10
"1314","AU18_0237","2885748_C",18
"1315","AU18_0237","1163943_C",4
"1316","AU18_0237","208_C",10
"1317","AU18_0237","2885749_C",9
"1318","AU18_0237","22178_C",9
"1319","AU18_0237","2783458_C",6
"1320","AU18_0237","91418_C",5
"1321","AU18_0237","962494_C",4
"1322","AU18_0237","2885751_C",4
"1323","AU18_0237","2885750_C",4
"1324","AU18_0237","2785003_C",4
"1325","AU18_0165","C1",2403
"1326","AU18_0165","C42.2",1261
"1327","AU18_0165","C3xe",1252
"1328","AU18_0165","C3xf",899
"1329","AU18_0165","C1b",523
"1330","AU18_0165","C3ih",399
"1331","AU18_0165","C1gw",243
"1332","AU18_0165","C1ab",111
"1333","AU18_0165","C1by",196
"1334","AU18_0165","107479_C",357
"1335","AU18_0165","278761_C",184
"1336","AU18_0165","47106_C",77
"1337","AU18_0165","766366_C",184
"1338","AU18_0165","44745_C",65
"1339","AU18_0165","1031429_C",102
"1340","AU18_0165","2783481_C",87
"1341","AU18_0165","C3mk",77
"1342","AU18_0165","47105_C",73
"1343","AU18_0165","C120b",111
"1344","AU18_0165","1491900_C",80
"1345","AU18_0165","90920_C",108
"1346","AU18_0165","C42ao",65
"1347","AU18_0165","1026568_C",170
"1348","AU18_0165","1029753_C",41
"1349","AU18_0165","2783442_C",49
"1350","AU18_0165","150940_C",66
"1351","AU18_0165","17505_C",39
"1352","AU18_0165","27913_C",57
"1353","AU18_0064","C1",458
"1354","AU18_0064","C3",9
"1355","AU18_0064","C42.2",216
"1356","AU18_0064","C3xe",289
"1357","AU18_0064","C3xf",94
"1358","AU18_0064","C1b",106
"1359","AU18_0064","C3ih",101
"1360","AU18_0064","C1gw",55
"1361","AU18_0064","C1ab",38
"1362","AU18_0064","C1by",38
"1363","AU18_0064","107479_C",44
"1364","AU18_0064","278761_C",29
"1365","AU18_0064","47106_C",15
"1366","AU18_0064","766366_C",22
"1367","AU18_0064","44745_C",14
"1368","AU18_0064","1031429_C",19
"1369","AU18_0064","2783481_C",7
"1370","AU18_0064","C3mk",18
"1371","AU18_0064","47105_C",15
"1372","AU18_0064","C120b",20
"1373","AU18_0064","1491900_C",9
"1374","AU18_0064","90920_C",10
"1375","AU18_0064","C42ao",19
"1376","AU18_0064","2783544_C",13
"1377","AU18_0064","1029753_C",8
"1378","AU18_0064","91281_C",7
"1379","AU18_0064","2783442_C",14
"1380","AU18_0064","147220_C",11
"1381","AU18_0064","1150766_C",9
"1382","AU18_0064","150940_C",10
"1383","AU18_0064","92851_C",11
"1384","AU18_0064","392267_C",9
"1385","AU18_0064","93539_C",8
"1386","AU18_0064","255526_C",8
"1387","AU18_0070","C1",1358
"1388","AU18_0070","C3",54
"1389","AU18_0070","C42.2",762
"1390","AU18_0070","C3xe",585
"1391","AU18_0070","C3xf",285
"1392","AU18_0070","C1b",252
"1393","AU18_0070","C3ih",344
"1394","AU18_0070","C1gw",165
"1395","AU18_0070","C1ab",104
"1396","AU18_0070","C1by",123
"1397","AU18_0070","107479_C",179
"1398","AU18_0070","278761_C",130
"1399","AU18_0070","47106_C",57
"1400","AU18_0070","766366_C",74
"1401","AU18_0070","44745_C",28
"1402","AU18_0070","1031429_C",45
"1403","AU18_0070","2783481_C",45
"1404","AU18_0070","C3mk",70
"1405","AU18_0070","47105_C",45
"1406","AU18_0070","C120b",43
"1407","AU18_0070","1491900_C",52
"1408","AU18_0070","90920_C",38
"1409","AU18_0070","C42ao",25
"1410","AU18_0070","C3od",25
"1411","AU18_0070","2783544_C",51
"1412","AU18_0070","1029753_C",32
"1413","AU18_0070","2783442_C",26
"1414","AU18_0070","147220_C",21
"1415","AU18_0070","1150766_C",25
"1416","AU18_0070","2885766_C",21
"1417","AU18_0070","17505_C",25
"1418","AU18_0070","38496_C",31
"1419","AU18_0068","C1",874
"1420","AU18_0068","C3",32
"1421","AU18_0068","C42.2",487
"1422","AU18_0068","C3xe",507
"1423","AU18_0068","C3xf",228
"1424","AU18_0068","C1b",142
"1425","AU18_0068","C3ih",195
"1426","AU18_0068","C1gw",99
"1427","AU18_0068","C1ab",62
"1428","AU18_0068","C1by",96
"1429","AU18_0068","107479_C",111
"1430","AU18_0068","278761_C",75
"1431","AU18_0068","47106_C",25
"1432","AU18_0068","766366_C",61
"1433","AU18_0068","44745_C",32
"1434","AU18_0068","1031429_C",49
"1435","AU18_0068","2783481_C",31
"1436","AU18_0068","C3mk",34
"1437","AU18_0068","47105_C",32
"1438","AU18_0068","C120b",38
"1439","AU18_0068","1491900_C",37
"1440","AU18_0068","90920_C",28
"1441","AU18_0068","C42ao",17
"1442","AU18_0068","2783544_C",30
"1443","AU18_0068","1029753_C",25
"1444","AU18_0068","2783442_C",18
"1445","AU18_0068","1150766_C",22
"1446","AU18_0068","150940_C",18
"1447","AU18_0068","92851_C",20
"1448","AU18_0068","2885766_C",16
"1449","AU18_0068","17505_C",17
"1450","AU18_0068","48654_C",20
"1451","AU18_0068","46331_C",17
"1452","AU18_0068","C1lh",16
"1453","AU18_0067","C1",341
"1454","AU18_0067","C42.2",179
"1455","AU18_0067","C3xe",132
"1456","AU18_0067","C3xf",96
"1457","AU18_0067","C1b",53
"1458","AU18_0067","C3ih",82
"1459","AU18_0067","C1gw",66
"1460","AU18_0067","C1ab",37
"1461","AU18_0067","C1by",44
"1462","AU18_0067","107479_C",35
"1463","AU18_0067","278761_C",15
"1464","AU18_0067","47106_C",13
"1465","AU18_0067","766366_C",16
"1466","AU18_0067","44745_C",11
"1467","AU18_0067","1031429_C",18
"1468","AU18_0067","2783481_C",56
"1469","AU18_0067","C3mk",9
"1470","AU18_0067","47105_C",12
"1471","AU18_0067","1491900_C",6
"1472","AU18_0067","90920_C",8
"1473","AU18_0067","C42ao",6
"1474","AU18_0067","2783544_C",13
"1475","AU18_0067","20466_C",5
"1476","AU18_0067","1150766_C",8
"1477","AU18_0067","2885766_C",7
"1478","AU18_0067","2786470_C",7
"1479","AU18_0067","1670177_C",6
"1480","AU18_0067","2885767_C",5
"1481","AU18_0067","2783601_C",5
"1482","AU18_0311","C22",592
"1483","AU18_0311","C22ad",381
"1484","AU18_0311","C1",1038
"1485","AU18_0311","C3",345
"1486","AU18_0311","C22ah",67
"1487","AU18_0311","C42.2",507
"1488","AU18_0311","C3xe",868
"1489","AU18_0311","C3xf",1140
"1490","AU18_0311","C1b",169
"1491","AU18_0311","37253_C",63
"1492","AU18_0311","C3ih",134
"1493","AU18_0311","C22ai",59
"1494","AU18_0311","C1gw",63
"1495","AU18_0311","C1ab",100
"1496","AU18_0311","C1by",106
"1497","AU18_0311","107479_C",377
"1498","AU18_0311","766366_C",81
"1499","AU18_0311","1031429_C",47
"1500","AU18_0311","47105_C",37
"1501","AU18_0311","C3od",102
"1502","AU18_0311","1648847_C",103
"1503","AU18_0311","91281_C",37
"1504","AU18_0311","2783442_C",30
"1505","AU18_0311","147220_C",30
"1506","AU18_0311","1670629_C",56
"1507","AU18_0311","150940_C",45
"1508","AU18_0311","1618671_C",30
"1509","AU18_0311","2885786_C",30
"1510","AU18_0311","2783362_C",60
"1511","AU18_0311","2885806_C",50
"1512","AU18_0821","C1",5
"1513","AU18_0821","C8",5
"1514","AU18_0821","C78c",4
"1515","AU18_0821","D1",1919
"1516","AU18_0821","D6",842
"1517","AU18_0821","D4",1032
"1518","AU18_0821","D1ej",284
"1519","AU18_0821","D2.2",204
"1520","AU18_0821","D4k",213
"1521","AU18_0821","D2",103
"1522","AU18_0821","D1id",107
"1523","AU18_0821","281318_D",90
"1524","AU18_0821","7488_D",79
"1525","AU18_0821","2175598_D",51
"1526","AU18_0821","223603_D",64
"1527","AU18_0821","17682_D",39
"1528","AU18_0821","2885743_D",45
"1529","AU18_0821","53111_D",22
"1530","AU18_0748","C22",879
"1531","AU18_0748","C22ad",276
"1532","AU18_0748","C1",74
"1533","AU18_0748","C3",58
"1534","AU18_0748","C22ah",13
"1535","AU18_0748","C1n",7
"1536","AU18_0748","C8",11
"1537","AU18_0748","1148411_C",46
"1538","AU18_0748","37253_C",5
"1539","AU18_0748","C79",5
"1540","AU18_0748","C8a",6
"1541","AU18_0748","C78c",8
"1542","AU18_0748","1611789_C",9
"1543","AU18_0748","C79b",5
"1544","AU18_0748","2282560_C",18
"1545","AU18_0748","2282565_C",9
"1546","AU18_0748","2282558_C",11
"1547","AU18_0748","1084218_C",5
"1548","AU18_0748","2282561_C",6
"1549","AU18_0748","1645836_C",8
"1550","AU18_0748","D1",1513
"1551","AU18_0748","D6",694
"1552","AU18_0748","D4",842
"1553","AU18_0748","D1ej",162
"1554","AU18_0748","D2.2",128
"1555","AU18_0748","D4k",129
"1556","AU18_0748","D17d",21
"1557","AU18_0748","D2",84
"1558","AU18_0748","D1id",41
"1559","AU18_0748","281318_D",44
"1560","AU18_0748","7488_D",70
"1561","AU18_0748","2175598_D",40
"1562","AU18_0748","223603_D",32
"1563","AU18_0748","2885743_D",20
"1564","AU18_0748","D17j",33
"1565","AU18_0748","10179_D",19
"1566","AU18_0744","C22",985
"1567","AU18_0744","C22ad",187
"1568","AU18_0744","C1",14
"1569","AU18_0744","C3",186
"1570","AU18_0744","C22ah",55
"1571","AU18_0744","1611788_C",51
"1572","AU18_0744","1147954_C",31
"1573","AU18_0744","1148411_C",37
"1574","AU18_0744","C21",9
"1575","AU18_0744","1630543_C",10
"1576","AU18_0744","1612485_C",17
"1577","AU18_0744","1626916_C",13
"1578","AU18_0744","C39ab",6
"1579","AU18_0744","1611789_C",24
"1580","AU18_0744","2282560_C",15
"1581","AU18_0744","2282558_C",11
"1582","AU18_0744","2282561_C",11
"1583","AU18_0744","2885794_C",8
"1584","AU18_0744","2885795_C",13
"1585","AU18_0744","1669953_C",10
"1586","AU18_0744","1645719_C",9
"1587","AU18_0744","24193_C",7
"1588","AU18_0744","2885796_C",6
"1589","AU18_0744","D1",933
"1590","AU18_0744","D6",323
"1591","AU18_0744","D4",503
"1592","AU18_0744","D1ej",89
"1593","AU18_0744","D2.2",72
"1594","AU18_0744","D4k",58
"1595","AU18_0744","D17d",13
"1596","AU18_0744","D2",32
"1597","AU18_0744","D1id",63
"1598","AU18_0744","281318_D",20
"1599","AU18_0744","D17e",10
"1600","AU18_0744","2175598_D",26
"1601","AU18_0744","223603_D",22
"1602","AU18_0744","2885743_D",16
"1603","AU18_0744","D17j",13
"1604","AU18_0744","D17c",9
"1605","AU18_0744","53111_D",14
"1606","AU18_0744","D17l",12
"1607","AU18_0744","D1u",11
"1608","AU18_0468","C22",7
"1609","AU18_0468","C22ad",6
"1610","AU18_0468","C1",208
"1611","AU18_0468","C50b",5
"1612","AU18_0468","C1b",9
"1613","AU18_0468","C1c",23
"1614","AU18_0468","C8",6
"1615","AU18_0468","C72k",7
"1616","AU18_0468","C54l",4
"1617","AU18_0468","C1cb",4
"1618","AU18_0468","C1am",10
"1619","AU18_0468","C1ao",6
"1620","AU18_0468","C1an",5
"1621","AU18_0468","D1",4121
"1622","AU18_0468","D6",622
"1623","AU18_0468","D4",260
"1624","AU18_0468","D1d",929
"1625","AU18_0468","D6c",39
"1626","AU18_0468","D2.2",43
"1627","AU18_0468","D10",131
"1628","AU18_0468","D4ae",62
"1629","AU18_0468","D6g",62
"1630","AU18_0468","772549_D",60
"1631","AU18_0248","C22",207
"1632","AU18_0248","C22ad",1041
"1633","AU18_0248","C3",111
"1634","AU18_0248","37253_C",11
"1635","AU18_0248","1646063_C",541
"1636","AU18_0248","1630543_C",15
"1637","AU18_0248","1630588_C",33
"1638","AU18_0248","1670426_C",15
"1639","AU18_0248","2282565_C",49
"1640","AU18_0248","2282558_C",17
"1641","AU18_0248","2623441_C",34
"1642","AU18_0248","2885744_C",30
"1643","AU18_0248","2282571_C",29
"1644","AU18_0248","2885745_C",27
"1645","AU18_0248","2885746_C",23
"1646","AU18_0248","1670755_C",16
"1647","AU18_0248","2885747_C",14
"1648","AU18_0248","C1go",12
"1649","AU18_0248","D1",5349
"1650","AU18_0248","D6",1036
"1651","AU18_0248","D4",575
"1652","AU18_0248","D1d",468
"1653","AU18_0248","D6c",168
"1654","AU18_0248","D10",155
"1655","AU18_0248","25757_D",366
"1656","AU18_0248","D4ae",156
"1657","AU18_0248","D17d",82
"1658","AU18_0248","172931_D",131
"1659","AU18_0248","1673_D",113
"1660","AU18_0248","D6g",74
"1661","AU18_0248","25566_D",55
"1662","AU18_0248","1677_D",70
"1663","AU18_0248","132798_D",43
"1664","AU18_0248","D1b",70
"1665","AU18_1122","C1",716
"1666","AU18_1122","C1n",1811
"1667","AU18_1122","C1b",17
"1668","AU18_1122","C3co",314
"1669","AU18_1122","90777_C",53
"1670","AU18_1122","2853_C",34
"1671","AU18_1122","123623_C",32
"1672","AU18_1122","92898_C",40
"1673","AU18_1122","2885739_C",38
"1674","AU18_1122","57565_C",44
"1675","AU18_1122","1163651_C",27
"1676","AU18_1122","57566_C",21
"1677","AU18_1122","2885803_C",13
"1678","AU18_1122","D1",2757
"1679","AU18_1122","D6",898
"1680","AU18_1122","D4",647
"1681","AU18_1122","D1d",107
"1682","AU18_1122","D6c",194
"1683","AU18_1122","D2.2",53
"1684","AU18_1122","D10",187
"1685","AU18_1122","D4ae",140
"1686","AU18_1122","D17d",27
"1687","AU18_1122","D1af",115
"1688","AU18_1122","D17e",23
"1689","AU18_1122","32528_D",107
"1690","AU18_1122","D2a",91
"1691","AU18_1122","2885791_D",40
"1692","AU18_1122","11027_D",38
"1693","AU18_1122","2885802_D",32
"1694","AU18_1122","2885801_D",46
"1695","AU18_1122","181666_D",27
"1696","AU18_1125","C22",1637
"1697","AU18_1125","C22ad",738
"1698","AU18_1125","C1",71
"1699","AU18_1125","C3",455
"1700","AU18_1125","C22ah",138
"1701","AU18_1125","1611788_C",56
"1702","AU18_1125","1645568_C",47
"1703","AU18_1125","1147954_C",30
"1704","AU18_1125","1148411_C",30
"1705","AU18_1125","37253_C",28
"1706","AU18_1125","1630543_C",22
"1707","AU18_1125","2174376_C",15
"1708","AU18_1125","1670084_C",14
"1709","AU18_1125","1626350_C",24
"1710","AU18_1125","21025_C",18
"1711","AU18_1125","2282560_C",20
"1712","AU18_1125","2282565_C",30
"1713","AU18_1125","2282558_C",31
"1714","AU18_1125","1653201_C",18
"1715","AU18_1125","1658901_C",28
"1716","AU18_1125","D1",2114
"1717","AU18_1125","D6",498
"1718","AU18_1125","D4",446
"1719","AU18_1125","D1d",103
"1720","AU18_1125","D6c",72
"1721","AU18_1125","D10",117
"1722","AU18_1125","D4ae",53
"1723","AU18_1125","D17d",31
"1724","AU18_1125","D1af",69
"1725","AU18_1125","D17e",27
"1726","AU18_1125","D1r",26
"1727","AU18_1125","2885791_D",25
"1728","AU18_1125","D17al",34
"1729","AU18_1125","11027_D",23
"1730","AU18_1125","1242406_D",20
"1731","AU18_1041","C22",944
"1732","AU18_1041","C22ad",598
"1733","AU18_1041","C3",283
"1734","AU18_1041","C22ah",69
"1735","AU18_1041","1611788_C",35
"1736","AU18_1041","1645568_C",31
"1737","AU18_1041","1147954_C",28
"1738","AU18_1041","C8",21
"1739","AU18_1041","1148411_C",21
"1740","AU18_1041","37253_C",16
"1741","AU18_1041","1630543_C",13
"1742","AU18_1041","C78c",13
"1743","AU18_1041","1626916_C",24
"1744","AU18_1041","2174376_C",14
"1745","AU18_1041","1626350_C",18
"1746","AU18_1041","1662001_C",23
"1747","AU18_1041","2282560_C",24
"1748","AU18_1041","1675094_C",11
"1749","AU18_1041","D1",1468
"1750","AU18_1041","D6",218
"1751","AU18_1041","D4",221
"1752","AU18_1041","D1d",119
"1753","AU18_1041","D6c",47
"1754","AU18_1041","D10",51
"1755","AU18_1041","D4ae",27
"1756","AU18_1041","D17d",22
"1757","AU18_1041","D1af",55
"1758","AU18_1041","D17e",18
"1759","AU18_1041","32528_D",37
"1760","AU18_1041","D6g",12
"1761","AU18_1041","D1r",12
"1762","AU18_1041","D17c",12
"1763","AU18_1041","23615_D",31
"1764","AU18_1041","2885802_D",10
"1765","AU18_1041","1242406_D",13
"1766","AU18_1041","28248_D",12
"1767","AU18_1041","104830_D",12
"1768","AU18_1041","7279_D",11
"1769","AU18_1041","10626_D",11
"1770","AU18_1041","102838_D",10
"1771","AU18_1143","C1",1508
"1772","AU18_1143","C1n",3823
"1773","AU18_1143","C1b",49
"1774","AU18_1143","C3co",701
"1775","AU18_1143","90777_C",139
"1776","AU18_1143","2853_C",97
"1777","AU18_1143","123623_C",110
"1778","AU18_1143","92898_C",39
"1779","AU18_1143","2885739_C",67
"1780","AU18_1143","2885738_C",71
"1781","AU18_0962","C1",1826
"1782","AU18_0962","C1n",3577
"1783","AU18_0962","C1b",67
"1784","AU18_0962","C3co",945
"1785","AU18_0962","90777_C",159
"1786","AU18_0962","2853_C",126
"1787","AU18_0962","123623_C",122
"1788","AU18_0962","92898_C",86
"1789","AU18_0962","2885739_C",58
"1790","AU18_0962","2885738_C",34
"1791","AU18_0962","C3da",39
"1792","AU18_0962","2885756_C",34
"1793","AU18_1058","C1",1726
"1794","AU18_1058","C1n",3551
"1795","AU18_1058","C1b",80
"1796","AU18_1058","C3co",847
"1797","AU18_1058","90777_C",160
"1798","AU18_1058","2853_C",108
"1799","AU18_1058","123623_C",93
"1800","AU18_1058","92898_C",102
"1801","AU18_1058","2885739_C",66
"1802","AU18_1058","2885738_C",68
"1803","AU18_1058","C3da",28
"1804","AU18_1058","C1hq",48
"1805","AU18_1058","2850_C",29
"1806","AU18_1078","C1",2105
"1807","AU18_1078","C1n",4658
"1808","AU18_1078","C1b",71
"1809","AU18_1078","C3co",949
"1810","AU18_1078","90777_C",214
"1811","AU18_1078","2853_C",153
"1812","AU18_1078","123623_C",134
"1813","AU18_1078","92898_C",91
"1814","AU18_1078","2885739_C",91
"1815","AU18_1078","2885738_C",107
"1816","AU18_1078","C3da",35
"1817","AU18_1078","C1hq",48
"1818","AU18_1078","2850_C",36
"1819","AU18_1078","D1",12
"1820","AU18_0966","C1",3773
"1821","AU18_0966","C3",80
"1822","AU18_0966","C42.2",303
"1823","AU18_0966","C1b",500
"1824","AU18_0966","C1c",506
"1825","AU18_0966","C72k",81
"1826","AU18_0966","C1w",32
"1827","AU18_0966","C1al",76
"1828","AU18_0966","C3ju",60
"1829","AU18_0966","C1br",112
"1830","AU18_0966","C1cv",131
"1831","AU18_0966","C1bh",91
"1832","AU18_0966","C1cb",95
"1833","AU18_0966","21507_C",26
"1834","AU18_0966","25715_C",35
"1835","AU18_0483","C1",6466
"1836","AU18_0483","C3",149
"1837","AU18_0483","C42.2",207
"1838","AU18_0483","C1b",512
"1839","AU18_0483","C1c",539
"1840","AU18_0483","C72k",164
"1841","AU18_0483","C1w",123
"1842","AU18_0483","C1al",83
"1843","AU18_0483","C1jx",69
"1844","AU18_0483","C3ju",113
"1845","AU18_0483","C1br",79
"1846","AU18_0483","C1cv",100
"1847","AU18_0483","C1bh",52
"1848","AU18_0483","C1cb",72
"1849","AU18_0483","C1ge",58
"1850","AU18_1026","C1",3954
"1851","AU18_1026","C3",93
"1852","AU18_1026","C42.2",168
"1853","AU18_1026","C1b",345
"1854","AU18_1026","C1c",470
"1855","AU18_1026","C72k",101
"1856","AU18_1026","C1w",95
"1857","AU18_1026","C1al",91
"1858","AU18_1026","C1jx",36
"1859","AU18_1026","C3ju",45
"1860","AU18_1026","C1br",63
"1861","AU18_1026","C1cv",71
"1862","AU18_1026","C1bh",35
"1863","AU18_1026","C1cb",47
"1864","AU18_1026","C3ew",33
"1865","AU18_0700","C22",124
"1866","AU18_0700","C22ad",90
"1867","AU18_0700","C1",5057
"1868","AU18_0700","C3",229
"1869","AU18_0700","C42.2",122
"1870","AU18_0700","C1b",259
"1871","AU18_0700","C1c",662
"1872","AU18_0700","C22ai",69
"1873","AU18_0700","C72k",117
"1874","AU18_0700","C1w",52
"1875","AU18_0700","C1al",97
"1876","AU18_0700","C1jx",34
"1877","AU18_0700","C3ju",80
"1878","AU18_0700","C1br",51
"1879","AU18_0700","C1cv",52
"1880","AU18_0700","C1bh",31
"1881","AU18_0700","C1cb",44
"1882","AU18_0700","C1ge",55
"1883","AU18_0474","C1",2947
"1884","AU18_0474","C3",322
"1885","AU18_0474","C42.2",126
"1886","AU18_0474","C50b",314
"1887","AU18_0474","C1b",290
"1888","AU18_0474","C1c",531
"1889","AU18_0474","C3bm",102
"1890","AU18_0474","C50f",45
"1891","AU18_0474","C50cg",117
"1892","AU18_0474","C72k",76
"1893","AU18_0474","C1w",38
"1894","AU18_0474","C1al",101
"1895","AU18_0474","22134_C",60
"1896","AU18_0474","C3ju",54
"1897","AU18_0474","C1br",55
"1898","AU18_0474","C1cv",42
"1899","AU18_0474","C1bh",54
"1900","AU18_0474","C1cb",68
"1901","AU18_0474","C3.2",25
"1902","AU18_0474","21507_C",50
"1903","AU18_0474","C1gq",29
"1904","AU18_0065","C3",656
"1905","AU18_0065","C21",74
"1906","AU18_0065","2778029_C",56
"1907","AU18_0065","C3an",38
"1908","AU18_0065","2426_C",44
"1909","AU18_0065","1398203_C",25
"1910","AU18_0065","40627_C",43
"1911","AU18_0065","C39ab",14
"1912","AU18_0065","333087_C",5
"1913","AU18_0065","103346_C",6
"1914","AU18_0065","2595310_C",14
"1915","AU18_0065","2885773_C",8
"1916","AU18_0065","C3ed",7
"1917","AU18_0065","1428436_C",14
"1918","AU18_0065","2885774_C",6
"1919","AU18_0065","2885777_C",4
"1920","AU18_0065","2885772_C",11
"1921","AU18_0065","C3ub",5
"1922","AU18_0065","C3tv",8
"1923","AU18_0065","2885778_C",4
"1924","AU18_0065","2885776_C",4
"1925","AU18_0065","2885775_C",4
"1926","AU18_0288","C3",4980
"1927","AU18_0288","C21",201
"1928","AU18_0288","2778029_C",383
"1929","AU18_0288","C3an",183
"1930","AU18_0288","2426_C",179
"1931","AU18_0288","1398203_C",167
"1932","AU18_0288","40627_C",157
"1933","AU18_0288","C39ab",46
"1934","AU18_0288","333087_C",80
"1935","AU18_0288","103346_C",33
"1936","AU18_0288","2595310_C",88
"1937","AU18_0288","C3ed",54
"1938","AU18_0288","54364_C",97
"1939","AU18_0288","C6a",88
"1940","AU18_0288","24192_C",80
"1941","AU18_0288","9945_C",85
"1942","AU18_0288","6379_C",68
"1943","AU18_0288","4063_C",89
"1944","AU18_0288","42222_C",82
"1945","AU18_0288","75670_C",78
"1946","AU18_0288","66904_C",43
"1947","AU18_0288","2885799_C",68
"1948","AU18_0288","21810_C",61
"1949","AU18_0288","2091_C",52
"1950","AU18_0288","918687_C",43
"1951","AU18_0063","C3",3221
"1952","AU18_0063","C21",342
"1953","AU18_0063","C3ih",43
"1954","AU18_0063","2778029_C",262
"1955","AU18_0063","C3an",79
"1956","AU18_0063","2426_C",86
"1957","AU18_0063","1398203_C",129
"1958","AU18_0063","40627_C",175
"1959","AU18_0063","333087_C",40
"1960","AU18_0063","2595310_C",86
"1961","AU18_0063","23580_C",65
"1962","AU18_0063","54400_C",113
"1963","AU18_0063","2885773_C",61
"1964","AU18_0063","C3ed",29
"1965","AU18_0063","1428436_C",29
"1966","AU18_0063","39266_C",41
"1967","AU18_0063","2885774_C",31
"1968","AU18_0063","C3dw",59
"1969","AU18_0063","C6a",43
"1970","AU18_0063","C3ag",61
"1971","AU18_0063","2885777_C",38
"1972","AU18_0063","13723_C",54
"1973","AU18_0063","C3ab",47
"1974","AU18_0063","C3ub",21
"1975","AU18_0063","2885797_C",33
"1976","AU18_0063","100944_C",24
"1977","AU18_0063","1401978_C",22
"1978","AU18_0113","C22",7
"1979","AU18_0113","C22ad",5
"1980","AU18_0113","C1",24
"1981","AU18_0113","C3",532
"1982","AU18_0113","C21",30
"1983","AU18_0113","2778029_C",103
"1984","AU18_0113","C3an",58
"1985","AU18_0113","1398203_C",18
"1986","AU18_0113","24569_C",70
"1987","AU18_0113","C39ab",32
"1988","AU18_0113","333087_C",39
"1989","AU18_0113","2780845_C",66
"1990","AU18_0113","94627_C",51
"1991","AU18_0113","103346_C",21
"1992","AU18_0113","2885768_C",21
"1993","AU18_0113","42703_C",33
"1994","AU18_0113","C42e",4
"1995","AU18_0113","C3ed",5
"1996","AU18_0113","2885769_C",9
"1997","AU18_0113","C115d",11
"1998","AU18_0162","C1",1907
"1999","AU18_0162","C3",192
"2000","AU18_0162","C1nu",4310
"2001","AU18_0162","C1nt",3946
"2002","AU18_0162","C1ns",3469
"2003","AU18_0162","C3ih",187
"2004","AU18_0162","14636_C",818
"2005","AU18_0162","1055322_C",595
"2006","AU18_0162","C3hi",81
"2007","AU18_0162","262320_C",249
"2008","AU18_0162","2885788_C",169
"2009","AU18_0162","1612135_C",114
"2010","AU18_0162","1669691_C",67
"2011","AU18_0162","2885804_C",72
"2012","AU18_0170","C1",454
"2013","AU18_0170","C1nu",850
"2014","AU18_0170","C1nt",862
"2015","AU18_0170","C1ns",649
"2016","AU18_0170","C3ih",121
"2017","AU18_0170","14636_C",96
"2018","AU18_0170","2885732_C",112
"2019","AU18_0170","1055322_C",35
"2020","AU18_0170","2885733_C",14
"2021","AU18_0170","2885735_C",26
"2022","AU18_0170","262320_C",26
"2023","AU18_0170","2885736_C",29
"2024","AU18_0170","2885788_C",13
"2025","AU18_0170","1612135_C",13
"2026","AU18_0170","1669691_C",16
"2027","AU18_0170","2885787_C",23
"2028","AU18_0170","C3t",14
"2029","AU18_0170","2885789_C",13
"2030","AU18_0163","C1",453
"2031","AU18_0163","C3",640
"2032","AU18_0163","C1nu",752
"2033","AU18_0163","C1nt",728
"2034","AU18_0163","C1ns",638
"2035","AU18_0163","C3ih",74
"2036","AU18_0163","2778029_C",73
"2037","AU18_0163","C3an",53
"2038","AU18_0163","24569_C",75
"2039","AU18_0163","C39ab",25
"2040","AU18_0163","333087_C",54
"2041","AU18_0163","2780845_C",63
"2042","AU18_0163","94627_C",39
"2043","AU18_0163","14636_C",73
"2044","AU18_0163","2885732_C",78
"2045","AU18_0163","103346_C",19
"2046","AU18_0163","1055322_C",37
"2047","AU18_0163","C3hi",157
"2048","AU18_0163","2885733_C",36
"2049","AU18_0163","2885735_C",43
"2050","AU18_0163","262320_C",23
"2051","AU18_0163","C1cu",28
"2052","AU18_0163","2885736_C",34
"2053","AU18_0163","C3dw",26
"2054","AU18_0163","1114496_C",94
"2055","AU18_0163","2885734_C",29
"2056","AU18_0163","2885757_C",67
"2057","AU18_0163","965969_C",48
"2058","AU18_0163","2885758_C",33
"2059","AU18_0163","1314109_C",31
"2060","AU18_0163","948418_C",27
"2061","AU18_0163","1962377_C",25
"2062","AU18_0163","135129_C",23
"2063","AU18_0163","2885759_C",22
"2064","AU18_0319","C22",1713
"2065","AU18_0319","C22ad",4463
"2066","AU18_0319","C3",636
"2067","AU18_0319","1148411_C",50
"2068","AU18_0319","37253_C",122
"2069","AU18_0319","1646070_C",191
"2070","AU18_0319","1670426_C",33
"2071","AU18_0319","1670723_C",139
"2072","AU18_0319","1638047_C",37
"2073","AU18_0319","D1",26
"2074","AU18_0319","D6",27
"2075","AU18_0319","D4",6
"2076","AU18_0319","D1ej",20
"2077","AU18_0319","D17d",4
"2078","AU18_0319","D17e",4
"2079","AU18_0319","D17c",4
"2080","AU18_0319","2184426_D",12
"2081","AU18_0319","D1ja",9
"2082","AU18_0319","909_D",8
"2083","AU18_0319","214657_D",6
"2084","AU18_0319","145593_D",6
"2085","AU18_0319","764365_D",5
"2086","AU18_0319","2885785_D",4
"2087","AU18_0319","2885784_D",4
"2088","AU18_0747","C22",3027
"2089","AU18_0747","C22ad",2905
"2090","AU18_0747","C3",464
"2091","AU18_0747","37253_C",60
"2092","AU18_0747","1680592_C",76
"2093","AU18_0747","1646070_C",159
"2094","AU18_0747","2785985_C",459
"2095","AU18_0747","2784604_C",259
"2096","AU18_0747","1670629_C",117
"2097","AU18_0747","1669316_C",164
"2098","AU18_0747","1630842_C",57
"2099","AU18_0747","2885771_C",53
"2100","AU18_0747","D1",168
"2101","AU18_0747","D6",103
"2102","AU18_0747","D4",89
"2103","AU18_0747","D1ej",22
"2104","AU18_0747","D2.2",13
"2105","AU18_0747","D4k",25
"2106","AU18_0747","D17d",13
"2107","AU18_0747","D2",11
"2108","AU18_0747","D1id",8
"2109","AU18_0747","7488_D",7
"2110","AU18_0747","D17e",12
"2111","AU18_0747","2175598_D",8
"2112","AU18_0747","2885743_D",4
"2113","AU18_0747","D17j",9
"2114","AU18_0747","D17c",5
"2115","AU18_0747","D17al",8
"2116","AU18_0747","D17l",8
"2117","AU18_0747","10616_D",5
"2118","AU18_0747","40982_D",4
"2119","AU18_0220","D1",1608
"2120","AU18_0220","D6",410
"2121","AU18_0220","D4",196
"2122","AU18_0220","D1d",171
"2123","AU18_0220","D6c",57
"2124","AU18_0220","172931_D",28
"2125","AU18_0220","1673_D",29
"2126","AU18_0220","D6g",30
"2127","AU18_0220","25566_D",17
"2128","AU18_0220","1677_D",37
"2129","AU18_0220","132798_D",22
"2130","AU18_0220","D1dm",15
"2131","AU18_1121","C22",967
"2132","AU18_1121","C22ad",475
"2133","AU18_1121","C1",20
"2134","AU18_1121","C3",459
"2135","AU18_1121","C22ah",73
"2136","AU18_1121","C1n",9
"2137","AU18_1121","1147954_C",9
"2138","AU18_1121","1148411_C",21
"2139","AU18_1121","37253_C",23
"2140","AU18_1121","C21",43
"2141","AU18_1121","1645678_C",23
"2142","AU18_1121","21025_C",12
"2143","AU18_1121","2282560_C",15
"2144","AU18_1121","2282565_C",25
"2145","AU18_1121","2282558_C",13
"2146","AU18_1121","C3cl",26
"2147","AU18_1121","2282561_C",14
"2148","AU18_1121","1645825_C",18
"2149","AU18_1121","2043_C",12
"2150","AU18_1121","D1",2319
"2151","AU18_1121","D6",428
"2152","AU18_1121","D4",347
"2153","AU18_1121","D1d",159
"2154","AU18_1121","D6c",50
"2155","AU18_1121","D4ae",40
"2156","AU18_1121","D17d",33
"2157","AU18_1121","D1af",57
"2158","AU18_1121","D17e",25
"2159","AU18_1121","32528_D",77
"2160","AU18_1121","D2a",20
"2161","AU18_1121","2885791_D",29
"2162","AU18_1121","D1dm",17
"2163","AU18_1121","1170996_D",16
"2164","AU18_1121","6624_D",16
"2165","AU18_1121","D1ih",16
"2166","AU18_0965","C1",564
"2167","AU18_0965","C3",373
"2168","AU18_0965","C50b",2277
"2169","AU18_0965","C1b",57
"2170","AU18_0965","C1c",339
"2171","AU18_0965","C3bm",440
"2172","AU18_0965","C50f",272
"2173","AU18_0965","C50cg",514
"2174","AU18_0965","22134_C",84
"2175","AU18_0965","1073761_C",170
"2176","AU18_0965","20946_C",27
"2177","AU18_0965","1062929_C",24
"2178","AU18_0586","C1",307
"2179","AU18_0586","C3",283
"2180","AU18_0586","C50b",458
"2181","AU18_0586","C1b",27
"2182","AU18_0586","C1c",182
"2183","AU18_0586","C3bm",221
"2184","AU18_0586","C50f",167
"2185","AU18_0586","C50cg",197
"2186","AU18_0586","C72k",14
"2187","AU18_0586","22134_C",71
"2188","AU18_0586","C3.2",9
"2189","AU18_0586","C50a",13
"2190","AU18_0586","C50t",16
"2191","AU18_0586","47056_C",18
"2192","AU18_0472","C1",635
"2193","AU18_0472","C3",613
"2194","AU18_0472","C42.2",49
"2195","AU18_0472","C50b",1891
"2196","AU18_0472","C1b",83
"2197","AU18_0472","C1c",387
"2198","AU18_0472","C21",34
"2199","AU18_0472","C3bm",463
"2200","AU18_0472","C50f",353
"2201","AU18_0472","C50cg",408
"2202","AU18_0472","22134_C",120
"2203","AU18_0472","C1br",25
"2204","AU18_0472","C1bh",23
"2205","AU18_0472","C3.2",44
"2206","AU18_0472","C50v",45
"2207","AU18_0472","C50t",28
"2208","AU18_0472","C50aq",30
"2209","AU18_0472","C50ar",28
"2210","AU18_0463","C1",1319
"2211","AU18_0463","C3",707
"2212","AU18_0463","C42.2",361
"2213","AU18_0463","C50b",1606
"2214","AU18_0463","C1b",552
"2215","AU18_0463","C1c",477
"2216","AU18_0463","C3bm",529
"2217","AU18_0463","C50f",259
"2218","AU18_0463","C50cg",449
"2219","AU18_0463","C1al",52
"2220","AU18_0463","22134_C",233
"2221","AU18_0463","C1br",172
"2222","AU18_0463","C1cv",79
"2223","AU18_0463","C1bh",175
"2224","AU18_0463","C1cb",132
"2225","AU18_0463","C3.2",185
"2226","AU18_0463","C3.12",63
"2227","AU18_0463","C1gq",109
"2228","AU18_0463","C50v",44
"2229","AU18_0463","C42ay",66
"2230","AU18_0463","3289_C",43
"2231","AU18_0463","21067_C",43
"2232","AU18_0463","22284_C",41
"2233","AU18_0463","22281_C",34
"2234","AU18_0463","22136_C",34
"2235","AU18_0281","C22",1120
"2236","AU18_0281","C22ad",619
"2237","AU18_0281","C1",227
"2238","AU18_0281","C3",353
"2239","AU18_0281","C22ah",87
"2240","AU18_0281","C42.2",99
"2241","AU18_0281","C3xe",38
"2242","AU18_0281","C3xf",85
"2243","AU18_0281","C1b",24
"2244","AU18_0281","1147954_C",14
"2245","AU18_0281","1148411_C",15
"2246","AU18_0281","37253_C",55
"2247","AU18_0281","C22ai",54
"2248","AU18_0281","C1ab",19
"2249","AU18_0281","C1by",27
"2250","AU18_0281","107479_C",74
"2251","AU18_0281","2174376_C",12
"2252","AU18_0281","1622915_C",21
"2253","AU18_0281","C3od",19
"2254","AU18_0281","1648847_C",31
"2255","AU18_0281","1670629_C",21
"2256","AU18_0281","1618671_C",25
"2257","AU18_0281","103687_C",12
"2258","AU18_0281","1634089_C",16
"2259","AU18_0281","C1id",15
"2260","AU18_0281","2885798_C",14
"2261","AU18_0632","C22",270
"2262","AU18_0632","C22ad",119
"2263","AU18_0632","C1",1135
"2264","AU18_0632","C3",590
"2265","AU18_0632","C42.2",72
"2266","AU18_0632","C1b",84
"2267","AU18_0632","C1c",58
"2268","AU18_0632","37253_C",28
"2269","AU18_0632","C22ai",54
"2270","AU18_0632","C3n",949
"2271","AU18_0632","C72k",27
"2272","AU18_0632","C1br",30
"2273","AU18_0632","C1cv",30
"2274","AU18_0632","C1bh",18
"2275","AU18_0632","C3be",240
"2276","AU18_0632","C3.2",34
"2277","AU18_0632","C3vb",173
"2278","AU18_0632","1714311_C",91
"2279","AU18_0632","C3bf",86
"2280","AU18_0632","25889_C",59
"2281","AU18_0632","C3si",31
"2282","AU18_0632","C3sk",26
"2283","AU18_0632","2885770_C",19
"2284","AU18_0632","65155_C",4
"2285","AU18_1034","C1",4284
"2286","AU18_1034","C3",76
"2287","AU18_1034","C42.2",34
"2288","AU18_1034","C1b",163
"2289","AU18_1034","C1c",419
"2290","AU18_1034","C72k",143
"2291","AU18_1034","C1w",88
"2292","AU18_1034","C1al",74
"2293","AU18_1034","C1jx",54
"2294","AU18_1034","C3ju",88
"2295","AU18_1034","C1cu",37
"2296","AU18_1034","C3ew",34
"2297","AU18_1034","C3sa",35
"2298","AU18_0970","C1",5833
"2299","AU18_0970","C3",101
"2300","AU18_0970","C42.2",88
"2301","AU18_0970","C1b",282
"2302","AU18_0970","C1c",829
"2303","AU18_0970","C72k",156
"2304","AU18_0970","C1w",76
"2305","AU18_0970","C1al",121
"2306","AU18_0970","C1jx",65
"2307","AU18_0970","C3ju",93
"2308","AU18_0970","C1cv",47
"2309","AU18_0970","21507_C",52
"2310","AU18_0970","C1cu",53
"2311","AU18_0970","C1ge",46
"2312","AU18_0970","281_C",41
"2313","AU18_0469","C22",377
"2314","AU18_0469","C22ad",121
"2315","AU18_0469","C3",795
"2316","AU18_0469","C50b",2441
"2317","AU18_0469","37253_C",30
"2318","AU18_0469","C3bm",706
"2319","AU18_0469","C50f",521
"2320","AU18_0469","1680592_C",196
"2321","AU18_0469","1645787_C",464
"2322","AU18_0469","1646070_C",70
"2323","AU18_0469","1626827_C",156
"2324","AU18_0469","1698762_C",125
"2325","AU18_0469","1645716_C",55
"2326","AU18_0469","1708730_C",63
"2327","AU18_0469","C50a",46
"2328","AU18_0469","266584_C",46
"2329","AU18_0469","268040_C",28
"2330","AU18_0469","C3wf",26
"2331","AU18_0470","C22",753
"2332","AU18_0470","C22ad",319
"2333","AU18_0470","C3",690
"2334","AU18_0470","C22ah",42
"2335","AU18_0470","C50b",1572
"2336","AU18_0470","37253_C",49
"2337","AU18_0470","C3bm",422
"2338","AU18_0470","C50f",233
"2339","AU18_0470","1680592_C",196
"2340","AU18_0470","1645787_C",354
"2341","AU18_0470","1646070_C",95
"2342","AU18_0470","1626827_C",114
"2343","AU18_0470","1698762_C",104
"2344","AU18_0470","1645716_C",35
"2345","AU18_0470","1708730_C",26
"2346","AU18_0470","266584_C",26
"2347","AU18_0387","C1",1352
"2348","AU18_0387","C42.2",788
"2349","AU18_0387","C1b",192
"2350","AU18_0387","C1gw",606
"2351","AU18_0387","C1ab",564
"2352","AU18_0387","C1by",452
"2353","AU18_0387","C1w",45
"2354","AU18_0387","47106_C",189
"2355","AU18_0387","44745_C",169
"2356","AU18_0387","19548_C",176
"2357","AU18_0387","C1dy",248
"2358","AU18_0387","C3wo",136
"2359","AU18_0387","C42ao",33
"2360","AU18_0387","C1gy",131
"2361","AU18_0387","20466_C",72
"2362","AU18_0387","1194550_C",61
"2363","AU18_0387","414389_C",80
"2364","AU18_0387","C9a",64
"2365","AU18_0387","1328437_C",30
"2366","AU18_0387","159911_C",34
"2367","AU18_0387","1655376_C",42
"2368","AU18_0387","1707858_C",51
"2369","AU18_0387","1183302_C",38
"2370","AU18_0387","2885752_C",41
"2371","AU18_0387","2885753_C",34
"2372","AU18_0387","C1hj",40
"2373","AU18_0387","1655375_C",40
"2374","AU18_0387","93899_C",70
"2375","AU18_0387","95341_C",26
"2376","AU18_0387","170670_C",30
"2377","AU18_0387","29115_C",62
"2378","AU18_0387","2885754_C",29
"2379","AU18_0387","2885755_C",27
"2380","AU18_neg12","C22",6
"2381","AU18_neg12","C22ad",14
"2382","AU18_neg12","C1",74
"2383","AU18_neg12","C42.2",44
"2384","AU18_neg12","C1b",16
"2385","AU18_neg12","C8",78
"2386","AU18_neg12","C1ns",12
"2387","AU18_neg12","C79",55
"2388","AU18_neg12","C3co",6
"2389","AU18_neg12","C8a",52
"2390","AU18_neg12","C78c",43
"2391","AU18_neg12","C3gk",8
"2392","AU18_neg12","C54l",64
"2393","AU18_neg12","C15",98
"2394","AU18_neg12","C3be",20
"2395","AU18_neg12","C3lk",51
"2396","AU18_neg12","C42e",12
"2397","AU18_neg12","2175409_C",18
"2398","AU18_neg12","C3ac",43
"2399","AU18_neg12","C35.3",18
"2400","AU18_neg12","2239310_C",19
"2401","AU18_neg12","C79b",8
"2402","AU18_neg12","C40ap",14
"2403","AU18_neg12","C3dr",28
"2404","AU18_neg12","2885780_C",27
"2405","AU18_neg12","C3ax",25
"2406","AU18_neg12","2239316_C",15
"2407","AU18_neg12","2175400_C",23
"2408","AU18_neg12","90635_C",21
"2409","AU18_neg12","C79a",11
"2410","AU18_neg12","2175451_C",18
"2411","AU18_neg12","C78",16
"2412","AU18_neg12","C42ae",9
"2413","AU18_neg12","C1ci",13
"2414","AU18_neg12","2779405_C",13
"2415","AU18_neg12","1770278_C",13
"2416","AU18_neg12","33296_C",12
"2417","AU18_neg12","1670517_C",12
"2418","AU18_neg12","C75h",11
"2419","AU18_neg12","2239404_C",11
"2420","AU18_neg12","C8e",9
"2421","AU18_neg12","C15.8",9
"2422","AU18_neg12","C15bb",8
"2423","AU18_neg12","7528_C",8
"2424","AU18_neg12","2885781_C",8
"2425","AU18_neg12","2239488_C",8
"2426","AU18_neg12","C42ea",7
"2427","AU18_neg12","C1ef",7
"2428","AU18_neg12","C15ed",7
"2429","AU18_neg12","C116t",7
"2430","AU18_neg12","2885782_C",7
"2431","AU18_neg12","2239592_C",7
"2432","AU18_neg12","2230021_C",7
"2433","AU18_neg12","C8n",6
"2434","AU18_neg12","99803_C",6
"2435","AU18_neg12","870396_C",6
"2436","AU18_neg12","756079_C",6
"2437","AU18_neg12","463034_C",6
"2438","AU18_neg12","C54m",5
"2439","AU18_neg12","870369_C",5
"2440","AU18_neg12","8017_C",5
"2441","AU18_neg12","791026_C",5
"2442","AU18_neg12","2885783_C",5
"2443","AU18_neg12","2315062_C",5
"2444","AU18_neg12","2175452_C",5
"2445","AU18_neg12","2175407_C",5
"2446","AU18_neg12","1714031_C",5
"2447","AU18_neg12","1703694_C",5
"2448","AU18_neg12","G3ai",9
"2449","AU18_neg12","2885779_G",9
"2450","AU18_neg12","73441_G",8
"2451","AU18_0062","C1",322
"2452","AU18_0062","C3",4060
"2453","AU18_0062","C42.2",161
"2454","AU18_0062","C21",247
"2455","AU18_0062","2778029_C",230
"2456","AU18_0062","C3an",152
"2457","AU18_0062","2426_C",92
"2458","AU18_0062","1398203_C",86
"2459","AU18_0062","40627_C",120
"2460","AU18_0062","C39ab",55
"2461","AU18_0062","333087_C",74
"2462","AU18_0062","103346_C",39
"2463","AU18_0062","2595310_C",50
"2464","AU18_0062","42703_C",32
"2465","AU18_0062","C3.12",164
"2466","AU18_0062","54400_C",61
"2467","AU18_0062","2885773_C",53
"2468","AU18_0062","C3ed",46
"2469","AU18_0062","C3tq",40
"2470","AU18_0062","39266_C",50
"2471","AU18_0062","54364_C",46
"2472","AU18_0062","24192_C",50
"2473","AU18_0062","9945_C",42
"2474","AU18_0062","C3.10",43
"2475","AU18_0062","6379_C",45
"2476","AU18_0062","66904_C",26
"2477","AU18_0112","C1",952
"2478","AU18_0112","C3",15
"2479","AU18_0112","C42.2",682
"2480","AU18_0112","C1b",173
"2481","AU18_0112","C1gw",32
"2482","AU18_0112","C1ab",17
"2483","AU18_0112","C1by",28
"2484","AU18_0112","44745_C",11
"2485","AU18_0112","C45k",163
"2486","AU18_0112","C3xd",133
"2487","AU18_0112","C41z",36
"2488","AU18_0112","1328437_C",15
"2489","AU18_0112","C3.10",23
"2490","AU18_0112","2783359_C",33
"2491","AU18_0112","93790_C",18
"2492","AU18_0072","C1",142
"2493","AU18_0072","C3",1914
"2494","AU18_0072","C42.2",72
"2495","AU18_0072","C3xf",18
"2496","AU18_0072","C1b",30
"2497","AU18_0072","C21",231
"2498","AU18_0072","C3ih",32
"2499","AU18_0072","2778029_C",223
"2500","AU18_0072","C3an",75
"2501","AU18_0072","2426_C",112
"2502","AU18_0072","1398203_C",82
"2503","AU18_0072","40627_C",108
"2504","AU18_0072","333087_C",18
"2505","AU18_0072","2595310_C",34
"2506","AU18_0072","C3od",28
"2507","AU18_0072","C3.12",32
"2508","AU18_0072","54400_C",38
"2509","AU18_0072","2885773_C",23
"2510","AU18_0072","1428436_C",18
"2511","AU18_0072","39266_C",24
"2512","AU18_0072","2885774_C",31
"2513","AU18_0072","42216_C",17
"2514","AU18_1037","C22",280
"2515","AU18_1037","C22ad",144
"2516","AU18_1037","C1",4509
"2517","AU18_1037","C3",316
"2518","AU18_1037","C1b",157
"2519","AU18_1037","C1c",421
"2520","AU18_1037","37253_C",44
"2521","AU18_1037","C22ai",147
"2522","AU18_1037","C50f",36
"2523","AU18_1037","C72k",108
"2524","AU18_1037","C1w",60
"2525","AU18_1037","C1al",84
"2526","AU18_1037","C1jx",45
"2527","AU18_1037","C3ju",56
"2528","AU18_1037","21507_C",57
"2529","AU18_1037","C42au",46
